,index,rank,playerplayerid,playershortname,playerageexact,rushingyards,yardspercarry,rushingtouchdowns,targets,receptions,receivingyards,snapshare,opportunityshare,shotguncarryrate,shotgunyardspercarry,undercentercarryrate,undercenteryardspercarry,averagedefendersinthebox,stackedfrontcarryrate,basefrontcarryrate,lightfrontcarryrate,year,position,name,team,played,rushingattempts,receivingtouchdowns,fumbles,fumbleslost,fantasypointspergame,fantasypoints
0,0,1,21682,J. Taylor,23.5,1811,5.45,18,53,40,360,68.56,70.77,37.65,1.0,62.34,1.0,6.07,13.25,28.31,57.83,2021,RB,Jonathan Taylor,IND,17,332,2,4,2,19.6,333.1
1,1,12,19562,A. Ekeler,27.1,911,4.42,12,94,70,647,67.1,67.41,34.46,1.0,65.53,1.0,6.65,19.9,37.37,41.74,2021,RB,Austin Ekeler,LAC,16,206,8,4,3,17.1,273.8
2,2,3,18858,J. Mixon,26.0,1205,4.12,13,48,42,314,67.57,74.88,25.34,1.0,74.65,1.0,6.69,17.8,34.93,47.26,2021,RB,Joe Mixon,CIN,16,292,3,2,1,15.4,245.9
3,3,4,21768,N. Harris,24.3,1200,3.9,7,94,74,467,84.45,86.42,52.44,1.0,46.57,1.0,6.52,16.93,29.64,50.81,2021,RB,Najee Harris,PIT,17,307,3,0,0,13.3,226.7
4,4,24,18983,J. Conner,27.2,752,3.72,15,39,37,375,57.93,58.92,84.65,1.0,15.34,1.0,6.29,12.87,21.78,64.35,2021,RB,James Conner,ARI,15,202,3,2,0,14.7,220.7
5,5,7,17923,E. Elliott,27.0,1002,4.22,10,65,47,287,65.88,57.74,28.69,1.0,71.3,1.0,6.78,24.05,35.86,38.81,2021,RB,Ezekiel Elliott,DAL,17,237,2,1,1,12.1,205.06
6,6,2,19798,N. Chubb,26.5,1259,5.52,8,25,20,174,51.71,58.29,15.35,1.0,84.64,1.0,6.98,28.07,44.73,25.87,2021,RB,Nick Chubb,CLE,14,228,1,2,1,14.0,195.3
7,7,10,20790,D. Harris,25.4,929,4.59,15,20,18,132,42.88,48.68,13.36,1.0,86.63,1.0,6.05,7.92,28.71,61.38,2021,RB,Damien Harris,NE,15,202,0,2,2,12.8,192.1
8,8,14,18878,A. Kamara,27.0,898,3.74,4,67,47,439,67.83,78.51,20.0,1.0,80.0,1.0,6.59,15.83,35.83,47.5,2021,RB,Alvin Kamara,NO,13,240,5,0,0,14.4,187.7
9,9,6,21861,A. Gibson,24.0,1037,4.01,7,52,42,294,56.28,62.62,59.68,1.0,40.31,1.0,6.1,5.42,32.55,62.01,2021,RB,Antonio Gibson,WAS,16,258,3,6,4,11.7,187.1
10,10,19,18803,L. Fournette,27.5,811,4.5,8,84,69,454,64.74,67.0,23.33,1.0,76.66,1.0,6.15,12.77,25.0,62.22,2021,RB,Leonard Fournette,TB,14,180,2,1,0,13.3,186.6
11,11,29,15150,C. Patterson,31.3,618,4.03,6,68,52,548,48.13,48.57,14.37,1.0,84.96,1.0,6.99,32.02,40.52,26.14,2021,RB,Cordarrelle Patterson,ATL,16,153,5,2,0,11.4,182.6
12,12,21,19045,A. Jones,27.6,799,4.67,4,65,52,391,58.5,52.67,39.76,1.0,60.23,1.0,6.14,3.5,32.74,63.15,2021,RB,Aaron Jones,GB,15,171,6,2,1,11.8,177.0
13,13,9,17959,D. Henry,28.5,937,4.27,10,20,18,154,70.92,85.66,12.78,1.0,87.21,1.0,6.43,24.2,31.5,42.92,2021,RB,Derrick Henry,TEN,8,219,0,1,0,21.9,175.3
14,14,5,18872,D. Cook,26.9,1159,4.65,6,49,34,224,70.49,79.67,18.07,1.0,81.92,1.0,6.87,20.88,46.18,32.53,2021,RB,Dalvin Cook,MIN,13,249,0,3,2,13.3,172.3
15,15,15,20824,J. Jacobs,24.4,872,4.01,9,64,54,348,63.41,68.53,32.71,1.0,67.28,1.0,6.38,13.36,25.8,60.82,2021,RB,Josh Jacobs,LV,15,217,0,2,2,11.5,172.0
16,16,11,16776,M. Gordon III,29.2,919,4.52,8,39,28,213,52.03,51.48,25.61,1.0,74.38,1.0,5.78,5.91,24.13,68.47,2021,RB,Melvin Gordon III,DEN,16,203,2,3,3,10.4,167.1
17,17,13,22558,J. Williams,22.2,903,4.44,4,53,43,316,49.9,50.49,29.55,1.0,70.44,1.0,5.64,5.91,23.64,68.96,2021,RB,Javonte Williams,DEN,17,203,3,2,1,9.5,161.9
18,18,16,20941,D. Singletary,24.8,870,4.62,7,50,40,228,60.33,59.35,45.74,1.0,54.25,1.0,6.09,3.19,26.06,70.74,2021,RB,Devin Singletary,BUF,17,188,1,5,0,9.3,157.8
19,19,17,20882,D. Montgomery,25.1,849,3.77,7,51,42,301,74.84,80.0,40.0,1.0,59.55,1.0,6.36,11.11,28.88,59.11,2021,RB,David Montgomery,CHI,13,225,0,1,1,11.8,153.0
20,20,20,21802,A. Dillon,24.2,803,4.29,5,37,34,313,42.55,45.07,40.64,1.0,59.35,1.0,6.31,9.62,32.08,57.75,2021,RB,AJ Dillon,GB,17,187,2,2,1,8.9,151.6
21,21,40,20500,D. Williams,27.2,558,3.87,6,57,47,452,47.52,46.2,62.5,1.0,37.5,1.0,6.15,4.16,25.69,69.44,2021,RB,Darrel Williams,KC,17,144,2,0,0,8.8,149.0
22,22,30,21684,D. Swift,23.5,617,4.08,5,78,62,452,67.21,56.96,38.41,1.0,61.58,1.0,6.53,13.24,36.42,50.33,2021,RB,D'Andre Swift,DET,13,151,2,2,1,11.3,146.9
23,23,8,22535,E. Mitchell,24.2,963,4.65,5,20,19,137,64.23,80.78,25.6,1.0,74.39,1.0,6.72,13.04,56.03,29.95,2021,RB,Elijah Mitchell,SF,11,207,1,0,0,13.3,146.0
24,24,22,21970,J. Robinson,23.9,767,4.67,8,46,31,222,58.1,66.45,41.46,1.0,59.14,1.0,5.96,7.31,28.04,61.58,2021,RB,James Robinson,JAX,14,164,0,4,2,10.2,142.9
25,25,27,20798,D. Henderson Jr.,24.9,688,4.61,5,40,29,176,65.73,60.19,34.22,1.0,65.77,1.0,5.73,7.38,23.48,67.78,2021,RB,Darrell Henderson Jr.,LAR,12,149,3,0,0,11.2,134.4
26,26,18,19828,S. Michel,27.4,845,4.06,4,33,21,128,48.47,53.91,21.15,1.0,78.84,1.0,6.19,13.46,28.36,57.69,2021,RB,Sony Michel,LAR,17,208,1,1,1,7.4,125.3
27,27,31,20768,M. Gaskin,25.4,612,3.53,3,63,49,234,50.86,50.64,75.72,1.0,24.27,1.0,5.34,6.93,15.6,77.45,2021,RB,Myles Gaskin,MIA,17,173,4,2,1,7.3,124.6
28,28,28,22553,M. Carter,23.2,639,4.34,4,55,36,325,51.58,53.72,49.65,1.0,50.34,1.0,6.67,13.6,42.17,44.21,2021,RB,Michael Carter,NYJ,14,147,0,1,1,8.5,118.4
29,29,26,20912,T. Pollard,25.2,719,5.53,2,46,39,337,33.66,38.85,24.61,1.0,74.61,1.0,6.48,16.15,36.15,44.61,2021,RB,Tony Pollard,DAL,15,130,0,2,0,7.8,117.6
30,30,25,19799,R. Penny,26.4,749,6.29,6,8,6,48,43.1,48.84,39.49,1.0,60.5,1.0,6.45,8.4,32.77,58.82,2021,RB,Rashaad Penny,SEA,10,119,0,0,0,11.6,115.7
31,31,31,21691,C. Hubbard,23.1,612,3.55,5,36,25,174,39.63,43.69,37.79,1.0,62.79,1.0,6.71,15.69,36.62,48.25,2021,RB,Chuba Hubbard,CAR,17,172,1,1,1,6.6,112.6
32,32,38,16524,D. Freeman,30.3,576,4.33,5,42,34,190,44.3,47.81,96.24,1.0,3.75,1.0,5.93,7.51,22.55,69.92,2021,RB,Devonta Freeman,BAL,16,133,1,0,0,7.0,112.6
33,33,35,19766,S. Barkley,25.4,593,3.66,2,57,41,263,61.0,62.93,50.0,1.0,50.0,1.0,6.82,24.69,33.95,41.35,2021,RB,Saquon Barkley,NYG,13,162,2,2,1,8.3,107.6
34,34,35,17970,D. Booker,30.1,593,4.08,2,45,40,268,49.79,45.02,44.13,1.0,55.86,1.0,6.57,17.93,28.27,53.1,2021,RB,Devontae Booker,NYG,16,145,1,0,0,6.5,104.1
35,35,33,22546,R. Stevenson,24.4,605,4.54,5,18,14,123,33.24,38.91,11.27,1.0,88.72,1.0,6.23,14.28,24.81,60.9,2021,RB,Rhamondre Stevenson,NE,12,133,0,2,1,8.4,100.9
36,36,37,19919,C. Edmonds,26.2,592,5.1,2,53,43,311,56.8,51.36,86.2,1.0,13.79,1.0,6.22,6.89,24.13,68.96,2021,RB,Chase Edmonds,ARI,12,116,0,1,1,8.4,100.3
37,37,43,21769,C. Edwards-Helaire,23.2,517,4.34,4,23,19,129,51.01,57.02,69.74,1.0,30.25,1.0,6.01,5.04,20.16,72.26,2021,RB,Clyde Edwards-Helaire,KC,10,119,2,2,2,9.9,98.6
38,38,44,16887,M. Davis,29.4,503,3.64,3,58,44,259,54.94,41.26,20.28,1.0,79.71,1.0,6.65,20.28,35.5,42.75,2021,RB,Mike Davis,ATL,17,138,1,4,3,5.5,94.2
39,39,46,20868,A. Mattison,24.0,491,3.66,3,39,32,228,35.42,37.12,20.89,1.0,79.1,1.0,6.8,23.13,38.8,38.05,2021,RB,Alexander Mattison,MIN,16,134,1,1,1,5.9,93.9
40,40,34,18995,J. Williams,27.3,601,3.92,3,28,26,157,37.68,46.29,23.52,1.0,77.12,1.0,6.79,15.03,50.32,34.64,2021,RB,Jamaal Williams,DET,13,153,0,1,0,7.2,93.8
41,41,45,15071,L. Murray,32.5,501,4.21,6,13,10,75,38.34,40.12,78.99,1.0,21.0,1.0,6.37,14.28,37.81,47.05,2021,RB,Latavius Murray,BAL,14,119,0,0,0,6.7,93.6
42,42,23,20933,M. Sanders,25.2,754,5.5,0,34,26,158,52.16,50.59,60.58,1.0,39.41,1.0,6.31,8.02,27.73,64.23,2021,RB,Miles Sanders,PHI,12,137,0,1,1,7.6,91.2
43,43,47,18877,C. McCaffrey,26.1,442,4.46,1,41,37,343,59.03,64.51,37.37,1.0,62.62,1.0,6.88,20.2,50.5,28.28,2021,RB,Christian McCaffrey,CAR,7,99,1,1,0,12.9,90.5
44,44,61,22562,K. Gainwell,23.3,291,4.27,5,50,33,253,27.97,25.54,63.23,1.0,36.76,1.0,5.98,5.88,23.52,70.58,2021,RB,Kenneth Gainwell,PHI,16,68,1,2,1,5.6,90.4
45,45,53,18944,K. Hunt,26.9,386,4.94,5,27,22,174,44.37,41.66,25.64,1.0,74.35,1.0,6.91,24.35,42.3,33.33,2021,RB,Kareem Hunt,CLE,8,78,0,0,0,11.0,88.0
46,46,54,20039,B. Scott,27.2,373,4.28,7,16,13,83,17.45,22.19,71.26,1.0,28.73,1.0,6.43,14.94,28.73,56.32,2021,RB,Boston Scott,PHI,16,87,0,1,1,5.4,85.6
47,47,42,21593,D. Johnson,26.4,534,5.34,3,25,19,137,29.31,24.36,26.0,1.0,74.0,1.0,6.71,9.0,57.0,34.0,2021,RB,D'Ernest Johnson,CLE,17,100,0,1,0,5.0,85.1
48,48,74,18464,J. McKissic,28.9,212,4.41,2,53,43,397,45.22,28.85,70.83,1.0,29.16,1.0,5.91,0.0,27.08,70.83,2021,RB,J.D. McKissic,WAS,11,48,2,0,0,7.7,84.9
49,49,39,18957,D. Foreman,26.2,566,4.25,3,11,9,123,38.89,46.9,13.53,1.0,85.71,1.0,6.63,14.28,48.12,36.84,2021,RB,D'Onta Foreman,TEN,9,133,0,2,1,9.4,84.9
50,50,73,13741,B. Bolden,32.4,226,5.13,1,49,41,405,29.64,18.12,45.45,1.0,54.54,1.0,6.02,13.63,22.72,63.63,2021,RB,Brandon Bolden,NE,17,44,2,1,0,4.9,83.1
51,51,69,20837,T. Johnson,24.8,238,3.9,2,55,34,372,37.38,26.66,57.37,1.0,42.62,1.0,6.4,14.75,27.86,57.37,2021,RB,Ty Johnson,NYJ,16,61,2,2,1,5.2,83.0
52,52,58,21784,Z. Moss,24.6,345,3.59,4,32,23,197,40.69,40.63,40.62,1.0,59.37,1.0,6.61,16.66,37.5,45.83,2021,RB,Zack Moss,BUF,13,96,1,2,1,6.3,82.2
53,53,41,13337,M. Ingram II,32.5,554,3.46,2,35,27,162,42.05,51.45,37.5,1.0,62.5,1.0,5.84,14.37,29.37,47.5,2021,RB,Mark Ingram II,NO,14,160,0,1,1,5.8,81.6
54,54,50,14917,R. Burkhead,32.0,427,3.5,3,32,25,186,36.96,34.07,38.52,1.0,61.47,1.0,5.9,6.55,18.85,74.59,2021,RB,Rex Burkhead,HOU,16,122,0,1,0,5.0,79.3
55,55,62,19912,N. Hines,25.6,276,4.92,2,57,40,310,31.33,20.77,58.92,1.0,41.07,1.0,6.05,8.92,23.21,67.85,2021,RB,Nyheim Hines,IND,17,56,1,3,2,4.3,72.6
56,56,65,18003,K. Drake,28.4,254,4.03,2,40,30,291,34.7,31.11,28.57,1.0,71.42,1.0,6.53,17.46,28.57,53.96,2021,RB,Kenyan Drake,LV,12,63,1,1,0,6.0,72.5
57,57,49,19861,R. Jones II,24.9,428,4.23,4,13,10,64,19.23,25.05,30.69,1.0,69.3,1.0,6.56,12.87,39.6,46.53,2021,RB,Ronald Jones II,TB,16,101,0,2,2,4.3,69.2
58,58,48,22563,K. Herbert,24.2,433,4.2,2,16,14,96,27.51,25.86,35.92,1.0,64.07,1.0,6.33,15.53,33.98,49.51,2021,RB,Khalil Herbert,CHI,17,103,0,1,0,3.8,64.9
59,59,55,20064,J. Jackson,26.2,364,5.35,2,25,22,178,22.74,23.3,29.41,1.0,70.58,1.0,6.95,27.94,39.7,32.35,2021,RB,Justin Jackson,LAC,14,68,0,1,1,4.6,64.2
60,60,52,18067,J. Howard,27.7,406,4.72,3,5,2,19,29.42,39.05,74.41,1.0,25.58,1.0,6.46,19.76,36.04,43.02,2021,RB,Jordan Howard,PHI,7,86,0,0,0,8.6,60.5
61,61,51,18088,A. Collins,27.9,411,3.8,2,10,9,87,40.83,47.96,43.51,1.0,56.48,1.0,6.24,8.33,21.29,70.37,2021,RB,Alex Collins,SEA,11,108,0,1,1,5.4,59.8
62,62,68,18993,S. Perine,26.8,246,4.47,1,31,27,196,21.82,19.54,34.54,1.0,45.45,1.0,5.27,16.36,30.9,30.9,2021,RB,Samaje Perine,CIN,16,55,1,0,0,3.5,56.2
63,63,59,16838,D. Johnson,28.8,330,4.64,3,5,4,41,43.26,48.1,85.91,1.0,14.08,1.0,5.85,12.67,22.53,64.78,2021,RB,Duke Johnson,MIA,5,71,0,0,0,11.0,55.1
64,64,57,20566,D. Hilliard,27.4,350,6.25,2,26,19,87,35.0,28.97,19.64,1.0,80.35,1.0,6.76,16.07,46.42,37.5,2021,RB,Dontrell Hilliard,TEN,8,56,0,2,1,6.7,53.7
65,65,81,16815,A. Abdullah,29.1,166,3.25,0,53,38,289,27.92,21.18,52.94,1.0,47.05,1.0,6.21,3.92,21.56,74.5,2021,RB,Ameer Abdullah,CAR,17,51,1,0,0,3.0,51.5
66,66,72,16847,D. Johnson,30.6,228,3.4,0,42,32,225,38.81,30.36,65.67,1.0,34.32,1.0,5.41,1.49,13.43,85.07,2021,RB,David Johnson,HOU,13,67,1,1,1,3.8,49.3
67,67,64,21634,D. Gore,27.6,256,5.01,2,9,8,105,14.63,20.13,54.9,1.0,45.09,1.0,6.13,3.92,25.49,70.58,2021,RB,Derrick Gore,KC,11,51,0,0,0,4.4,48.1
68,68,63,22556,J. Patterson,22.5,266,3.91,2,12,10,73,13.06,15.26,60.29,1.0,36.76,1.0,6.19,10.29,30.88,55.88,2021,RB,Jaret Patterson,WAS,17,68,0,1,0,2.7,45.9
69,69,83,19065,J. McNichols,26.5,156,3.8,0,38,28,240,25.27,16.49,41.46,1.0,60.97,1.0,6.46,14.63,24.39,63.41,2021,RB,Jeremy McNichols,TEN,14,41,1,0,0,3.3,45.6
70,70,82,16031,D. Williams,30.3,164,4.1,2,23,16,103,20.87,18.31,50.0,1.0,50.0,1.0,6.62,30.0,22.5,47.5,2021,RB,Damien Williams,CHI,12,40,1,0,0,3.7,44.7
71,71,60,20360,J. Wilson Jr.,26.6,294,3.72,2,8,7,31,38.64,36.09,20.25,1.0,79.74,1.0,6.68,21.51,39.24,37.97,2021,RB,Jeff Wilson Jr.,SF,9,79,0,1,0,4.9,44.5
72,72,70,19119,C. Carson,27.8,232,4.29,3,6,6,29,59.52,70.58,35.18,1.0,64.81,1.0,6.44,9.25,29.62,61.11,2021,RB,Chris Carson,SEA,4,54,0,1,1,10.5,42.1
73,73,67,20128,P. Lindsay,28.0,249,2.82,1,5,4,45,18.55,22.96,65.9,1.0,34.09,1.0,5.82,3.4,26.13,70.45,2021,RB,Phillip Lindsay,MIA,14,88,1,0,0,3.0,41.4
74,74,56,16834,T. Coleman,29.2,356,4.23,0,16,11,49,28.28,34.01,38.09,1.0,61.9,1.0,6.86,22.61,41.66,35.71,2021,RB,Tevin Coleman,NYJ,11,84,0,0,0,3.7,40.5
75,75,74,18375,P. Barber,28.4,212,3.85,2,13,10,67,17.73,23.85,21.81,1.0,76.36,1.0,6.34,16.36,30.9,50.9,2021,RB,Peyton Barber,LV,10,55,0,2,0,4.0,39.9
76,76,78,20810,T. Homer,23.9,177,8.42,1,20,16,161,20.88,11.88,61.9,1.0,38.09,1.0,5.61,0.0,23.8,71.42,2021,RB,Travis Homer,SEA,14,21,0,0,0,2.8,39.8
77,77,87,21804,D. Dallas,23.8,138,4.18,2,23,21,133,16.36,13.55,45.45,1.0,54.54,1.0,6.18,6.06,33.33,60.6,2021,RB,DeeJay Dallas,SEA,17,33,0,1,0,2.3,39.1
78,78,88,19626,D. Ogunbowale,28.2,137,3.18,1,21,13,114,18.23,16.41,39.53,1.0,60.46,1.0,6.06,6.97,23.25,69.76,2021,RB,Dare Ogunbowale,JAX,17,43,1,0,0,2.2,37.1
79,79,111,14916,G. Bernard,30.6,58,7.25,0,29,23,123,17.12,11.14,75.0,1.0,25.0,1.0,5.37,0.0,37.5,50.0,2021,RB,Giovani Bernard,TB,12,8,3,1,0,3.0,36.1
80,80,89,19319,M. Breida,27.4,125,4.8,1,9,7,72,12.43,17.32,57.69,1.0,42.3,1.0,6.03,3.84,23.07,73.07,2021,RB,Matt Breida,BUF,9,26,2,1,1,4.0,35.7
81,81,106,22647,C. Evans,24.8,77,4.52,0,17,15,151,11.34,8.5,11.76,1.0,88.23,1.0,6.7,17.64,41.17,41.17,2021,RB,Chris Evans,CIN,14,17,2,0,0,2.5,34.8
82,82,66,16668,C. Hyde,31.8,253,3.51,1,22,12,65,37.41,35.2,48.61,1.0,51.38,1.0,6.33,8.33,29.16,62.5,2021,RB,Carlos Hyde,JAX,12,72,0,2,2,2.8,33.8
83,83,96,14967,L. Bell,30.4,101,2.58,2,7,5,30,28.77,23.35,66.66,1.0,33.33,1.0,7.02,23.07,53.84,23.07,2021,RB,Le'Veon Bell,TB,8,39,1,0,0,4.1,33.1
84,84,76,22126,T. Williams,25.8,185,5.28,1,12,9,84,16.35,15.87,88.57,1.0,11.42,1.0,6.82,25.71,37.14,37.14,2021,RB,Ty'Son Williams,BAL,13,35,0,1,0,2.5,32.9
85,85,77,21788,K. Vaughn,25.2,180,5.0,2,8,4,26,13.08,12.75,22.22,1.0,77.77,1.0,6.91,16.66,61.11,22.22,2021,RB,Ke'Shawn Vaughn,TB,12,36,0,0,0,2.7,32.6
86,86,71,21564,C. Reynolds,26.1,230,4.18,0,8,7,52,38.36,42.85,20.0,1.0,80.0,1.0,6.72,16.36,47.27,36.36,2021,RB,Craig Reynolds,DET,5,55,0,0,0,5.6,28.2
87,87,99,18617,E. Penny,28.9,99,4.12,1,13,9,30,13.34,8.25,37.5,1.0,62.5,1.0,6.37,16.66,29.16,50.0,2021,RB,Elijhaa Penny,NYG,17,24,1,0,0,1.6,26.9
88,88,84,21843,S. Ahmed,23.5,149,2.75,0,19,12,117,19.4,23.7,66.66,1.0,33.33,1.0,5.75,1.85,25.92,72.22,2021,RB,Salvon Ahmed,MIA,12,54,0,0,0,2.2,26.6
89,89,108,21765,J. Hasty,25.8,68,4.25,1,29,23,157,22.46,17.44,37.5,1.0,62.5,1.0,6.62,18.75,31.25,50.0,2021,RB,JaMycal Hasty,SF,11,16,0,2,1,2.4,26.5
90,90,80,21801,T. Sermon,23.4,167,4.07,1,4,3,26,18.23,19.39,53.65,1.0,46.34,1.0,6.92,26.82,41.46,31.7,2021,RB,Trey Sermon,SF,9,41,0,0,0,2.8,25.3
91,91,79,19823,R. Freeman,26.4,169,3.01,0,16,10,77,20.2,15.96,19.64,1.0,80.35,1.0,6.42,17.85,19.64,62.5,2021,RB,Royce Freeman,HOU,15,56,0,0,0,1.6,24.6
92,92,86,19548,C. Clement,27.7,140,4.24,0,7,6,29,5.39,7.64,12.12,1.0,87.87,1.0,6.9,36.36,36.36,24.24,2021,RB,Corey Clement,DAL,17,33,1,0,0,1.3,22.9
93,93,109,16510,J. McKinnon,30.2,62,5.16,0,20,13,107,18.03,9.9,58.33,1.0,41.66,1.0,6.16,8.33,16.66,75.0,2021,RB,Jerick McKinnon,KC,13,12,1,0,0,1.8,22.9
94,94,100,4807,A. Peterson,37.3,98,2.57,2,4,4,8,27.13,34.71,13.15,1.0,86.84,1.0,6.26,15.78,31.57,50.0,2021,RB,Adrian Peterson,SEA,4,38,0,1,0,5.6,22.6
95,95,91,21773,E. Benjamin,23.2,118,3.47,1,7,6,42,16.16,16.26,94.11,1.0,5.88,1.0,6.05,8.82,11.76,79.41,2021,RB,Eno Benjamin,ARI,9,34,0,0,0,2.4,22.0
96,96,107,22555,J. Jefferson,22.2,74,4.93,2,5,4,23,7.54,9.43,20.0,1.0,80.0,1.0,6.26,6.66,26.66,66.66,2021,RB,Jermar Jefferson,DET,7,15,0,0,0,3.1,21.7
97,97,91,20191,G. Igwebuike,27.8,118,6.55,1,10,7,60,8.9,5.37,27.77,1.0,72.22,1.0,6.16,0.0,33.33,66.66,2021,RB,Godwin Igwebuike,DET,17,18,0,2,2,1.2,19.8
98,98,89,17053,M. Brown,29.1,125,3.78,1,5,3,10,26.81,22.22,48.48,1.0,51.51,1.0,6.36,15.15,33.33,51.51,2021,RB,Malcolm Brown,MIA,7,33,0,0,0,2.8,19.5
99,99,116,16056,J. White,30.4,38,3.8,1,14,12,94,29.44,26.66,60.0,1.0,40.0,1.0,5.7,10.0,20.0,70.0,2021,RB,James White,NE,3,10,0,0,0,6.4,19.2
100,100,85,21774,T. Jones Jr.,24.6,142,2.62,0,8,5,29,16.11,19.74,18.51,1.0,81.48,1.0,6.62,7.4,51.85,40.74,2021,RB,Tony Jones Jr.,NO,11,54,0,0,0,1.6,17.1
101,101,96,21514,A. Walter,25.9,101,3.88,1,3,2,9,23.17,27.35,53.84,1.0,46.15,1.0,6.65,0.0,69.23,30.76,2021,RB,Austin Walter,NYJ,4,26,0,0,0,4.2,17.0
102,102,105,18073,J. Williams,28.4,79,4.64,1,6,4,28,18.3,16.31,64.7,1.0,35.29,1.0,6.64,17.64,29.41,52.94,2021,RB,Jonathan Williams,WAS,5,17,0,0,0,3.3,16.7
103,103,93,20900,Q. Ollison,25.8,105,5.0,1,6,4,12,16.53,15.0,4.76,1.0,95.23,1.0,6.95,9.52,76.19,14.28,2021,RB,Qadree Ollison,ATL,7,21,0,1,1,2.2,15.7
104,104,102,21823,P. Taylor,24.2,89,3.86,1,2,2,3,11.46,11.06,30.43,1.0,69.56,1.0,6.47,17.39,21.73,60.86,2021,RB,Patrick Taylor,GB,8,23,0,0,0,1.9,15.2
105,105,103,21777,L. Rountree III,24.4,87,2.41,1,2,1,-1,12.07,11.8,25.0,1.0,63.88,1.0,6.5,19.44,41.66,36.11,2021,RB,Larry Rountree III,LAC,12,36,0,0,0,1.2,14.6
106,106,117,21837,J. Taylor,24.5,37,1.94,2,4,4,8,15.87,16.78,31.57,1.0,68.42,1.0,6.05,5.26,10.52,84.21,2021,RB,J.J. Taylor,NE,5,19,0,1,1,2.9,14.5
107,107,94,18996,W. Gallman,27.8,104,3.71,0,3,1,21,9.39,13.02,7.14,1.0,92.85,1.0,6.42,17.85,53.57,21.42,2021,RB,Wayne Gallman,MIN,8,28,0,0,0,1.6,12.5
108,108,95,21776,J. Kelley,24.6,102,3.09,0,6,5,38,18.08,14.07,33.33,1.0,66.66,1.0,6.84,21.21,33.33,45.45,2021,RB,Joshua Kelley,LAC,10,33,0,1,1,1.2,12.0
109,109,115,18690,J. Richard,28.7,40,4.44,0,14,12,72,15.75,7.79,44.44,1.0,55.55,1.0,6.11,11.11,22.22,66.66,2021,RB,Jalen Richard,LV,10,9,0,0,0,1.1,11.2
110,110,100,20950,B. Snell Jr.,24.4,98,2.72,0,4,2,13,8.81,8.62,36.11,1.0,58.33,1.0,6.11,8.33,27.77,58.33,2021,RB,Benny Snell Jr.,PIT,17,36,0,0,0,0.7,11.1
111,111,96,18998,M. Mack,26.3,101,3.6,0,5,2,8,14.55,18.43,35.71,1.0,64.28,1.0,5.57,7.14,25.0,64.28,2021,RB,Marlon Mack,IND,6,28,0,0,0,1.8,10.9
112,112,104,20743,R. Armstead,25.7,80,5.33,0,4,3,16,29.09,38.77,20.0,1.0,80.0,1.0,5.93,0.0,33.33,66.66,2021,RB,Ryquell Armstead,JAX,2,15,0,0,0,4.8,9.6
113,113,121,22674,D. Jackson,23.4,31,2.38,1,0,0,0,2.96,4.85,30.76,1.0,69.23,1.0,6.38,0.0,61.53,38.46,2021,RB,Deon Jackson,IND,8,13,0,0,0,1.1,9.1
114,114,123,22650,J. Hardy,24.5,29,7.25,1,0,0,0,2.45,3.8,25.0,1.0,75.0,1.0,6.75,25.0,25.0,50.0,2021,RB,JaQuan Hardy,DAL,3,4,0,0,0,3.0,8.9
115,115,110,22676,K. Nwangwu,24.4,61,4.69,0,5,4,9,4.06,5.88,38.46,1.0,61.53,1.0,6.76,7.69,61.53,30.76,2021,RB,Kene Nwangwu,MIN,11,13,0,0,0,0.6,7.0
116,116,120,21782,J. Ward,24.8,33,3.66,0,4,3,34,5.26,3.73,88.88,1.0,11.11,1.0,6.33,11.11,11.11,77.77,2021,RB,Jonathan Ward,ARI,13,9,0,0,0,0.5,6.7
117,117,140,19924,I. Smith,26.8,4,4.0,1,0,0,0,3.44,2.77,0.0,0.0,100.0,1.0,8.0,100.0,0.0,0.0,2021,RB,Ito Smith,DAL,1,1,0,0,0,6.4,6.4
118,118,119,20159,M. Boone,27.0,35,8.75,0,2,2,22,4.15,2.46,75.0,1.0,25.0,1.0,4.0,0.0,0.0,100.0,2021,RB,Mike Boone,DEN,8,4,0,0,0,0.7,5.7
119,119,112,20990,T. Williams,24.7,51,3.4,0,2,1,4,10.06,12.4,13.33,1.0,86.66,1.0,6.73,26.66,33.33,40.0,2021,RB,Trayveon Williams,CIN,5,15,0,0,0,1.1,5.5
120,120,112,21764,J. Huntley,24.2,51,3.92,0,1,0,0,43.47,42.42,84.61,1.0,15.38,1.0,6.53,0.0,53.84,46.15,2021,RB,Jason Huntley,PHI,1,13,0,0,0,5.1,5.1
121,121,149,21775,R. Smith,26.4,0,0.0,0,5,5,48,15.94,8.62,0.0,0.0,0.0,0.0,0.0,0.0,0.0,0.0,2021,RB,Rodney Smith,DET,2,0,0,0,0,2.4,4.8
122,122,124,18070,W. Smallwood,28.5,25,5.0,0,5,4,22,11.23,11.62,80.0,1.0,20.0,1.0,0.4,0.0,0.0,20.0,2021,RB,Wendell Smallwood,WAS,3,5,0,0,0,1.6,4.7
123,123,118,19824,K. Ballage,26.5,36,3.0,0,7,2,8,4.81,4.09,66.66,1.0,33.33,1.0,5.91,8.33,25.0,58.33,2021,RB,Kalen Ballage,PIT,17,12,0,0,0,0.3,4.4
124,124,121,21797,L. Perine,24.4,31,3.87,0,0,0,0,9.19,7.01,50.0,1.0,50.0,1.0,4.62,0.0,0.0,100.0,2021,RB,La'Mical Perine,NYJ,4,8,0,0,0,0.8,3.1
125,125,125,21840,K. Hill,23.9,24,2.4,0,2,1,5,5.31,5.1,30.0,1.0,70.0,1.0,5.6,0.0,10.0,90.0,2021,RB,Kylin Hill,GB,8,10,0,0,0,0.4,2.9
126,126,128,18152,D. Washington,28.2,16,4.0,0,2,2,12,1.13,1.56,25.0,1.0,75.0,1.0,6.25,0.0,25.0,75.0,2021,RB,Dwayne Washington,NO,14,4,0,0,0,0.2,2.8
127,127,134,19996,J. Samuels,26.0,9,1.8,0,4,3,14,9.14,10.22,40.0,1.0,60.0,1.0,7.4,40.0,60.0,0.0,2021,RB,Jaylen Samuels,HOU,3,5,0,0,0,0.8,2.3
128,128,129,21856,S. Phillips,24.7,13,2.16,0,3,2,9,10.85,15.25,66.66,1.0,33.33,1.0,5.66,0.0,16.66,83.33,2021,RB,Scottie Phillips,HOU,3,6,0,0,0,0.7,2.2
129,129,140,21211,P. Laird,26.9,4,4.0,0,3,3,17,12.59,2.35,100.0,1.0,0.0,0.0,4.0,0.0,0.0,100.0,2021,RB,Patrick Laird,MIA,6,1,0,0,0,0.4,2.1
130,130,127,17217,R. Mostert,30.2,20,10.0,0,0,0,0,7.4,8.69,0.0,0.0,100.0,1.0,7.5,50.0,50.0,0.0,2021,RB,Raheem Mostert,SF,1,2,0,0,0,2.0,2.0
131,131,136,21845,D. Evans,24.0,7,3.5,0,2,2,11,9.83,11.11,50.0,1.0,50.0,1.0,4.5,0.0,0.0,100.0,2021,RB,Darrynton Evans,TEN,1,2,0,0,0,1.8,1.8
132,132,140,20103,R. Bonnafon,26.5,4,4.0,0,2,2,12,4.83,3.65,100.0,1.0,0.0,0.0,6.0,0.0,0.0,100.0,2021,RB,Reggie Bonnafon,CAR,4,1,0,0,0,0.4,1.6
133,133,134,22537,T. Ragas,25.7,9,9.0,0,2,2,6,14.75,13.63,100.0,1.0,0.0,0.0,4.0,0.0,0.0,100.0,2021,RB,Trey Ragas,LV,1,1,0,0,0,1.5,1.5
134,134,146,21854,A. McFarland Jr.,24.3,3,1.0,0,1,1,11,10.15,7.27,33.33,1.0,66.66,1.0,6.33,0.0,33.33,66.66,2021,RB,Anthony McFarland Jr.,PIT,2,3,0,0,0,0.7,1.4
135,135,129,19957,J. Kelly,25.8,13,6.5,0,0,0,0,1.34,1.73,0.0,0.0,100.0,1.0,7.0,0.0,100.0,0.0,2021,RB,John Kelly,CLE,4,2,0,0,0,0.3,1.3
136,136,146,21688,C. Akers,23.0,3,0.6,0,3,3,10,20.31,24.24,0.0,0.0,100.0,1.0,7.2,20.0,80.0,0.0,2021,RB,Cam Akers,LAR,1,5,0,0,0,1.3,1.3
137,137,131,20906,J. Patrick,25.5,12,6.0,0,0,0,0,0.0,9.52,0.0,0.0,0.0,0.0,0.0,0.0,0.0,0.0,2021,RB,Jacques Patrick,SF,1,2,0,0,0,1.2,1.2
138,138,132,22677,M. Sargent,24.7,11,2.2,0,1,0,0,1.11,2.75,0.0,0.0,80.0,1.0,5.0,0.0,60.0,20.0,2021,RB,Mekhi Sargent,JAX,7,5,0,0,0,0.2,1.1
139,139,132,20318,B. Howell,26.3,11,2.2,0,0,0,0,0.95,1.93,20.0,1.0,80.0,1.0,4.4,0.0,0.0,100.0,2021,RB,Buddy Howell,LAR,10,5,0,0,0,0.1,1.1
140,140,140,22672,G. Brightwell,23.4,4,4.0,0,1,1,6,1.6,0.63,0.0,0.0,100.0,1.0,7.0,0.0,100.0,0.0,2021,RB,Gary Brightwell,NYG,13,1,0,0,0,0.1,1.0
141,141,140,20106,R. Nall,26.5,4,4.0,0,1,1,4,3.33,0.84,0.0,0.0,100.0,1.0,7.0,0.0,100.0,0.0,2021,RB,Ryan Nall,CHI,9,1,0,0,0,0.1,0.8
142,142,136,21240,D. Crockett,24.5,7,2.33,0,0,0,0,0.52,0.83,0.0,0.0,100.0,1.0,6.0,0.0,0.0,100.0,2021,RB,Damarea Crockett,DEN,12,3,0,0,0,0.1,0.7
143,143,139,22678,J. Funk,24.5,5,2.5,0,0,0,0,3.07,0.72,50.0,1.0,50.0,1.0,7.0,0.0,100.0,0.0,2021,RB,Jake Funk,LAR,10,2,0,0,0,0.0,0.5
144,144,164,20904,D. Ozigbo,25.8,-3,-3.0,0,1,1,7,6.04,2.43,0.0,0.0,100.0,1.0,8.0,100.0,0.0,0.0,2021,RB,Devine Ozigbo,NE,3,1,0,0,0,0.1,0.4
145,145,146,22441,N. Cottrell,25.9,3,3.0,0,0,0,0,0.8,0.99,0.0,0.0,100.0,1.0,6.0,0.0,0.0,100.0,2021,RB,Nathan Cottrell,JAX,4,1,0,0,0,0.1,0.3
146,146,149,13063,T. Jones,33.9,0,0.0,0,0,0,0,0.17,0.0,0.0,0.0,0.0,0.0,0.0,0.0,0.0,0.0,2021,RB,Taiwan Jones,BUF,17,0,0,0,0,0.0,0.0
147,147,149,19979,J. Wilkins,28.0,0,0.0,0,0,0,0,4.29,0.0,0.0,0.0,0.0,0.0,0.0,0.0,0.0,0.0,2021,RB,Jordan Wilkins,TEN,5,0,0,0,0,0.0,0.0
148,148,149,20075,J. Adams,25.7,0,0.0,0,0,0,0,0.0,0.0,0.0,0.0,0.0,0.0,0.0,0.0,0.0,0.0,2021,RB,Josh Adams,NYJ,1,0,0,0,0,0.0,0.0
149,149,149,19822,K. Johnson,25.0,0,0.0,0,0,0,0,0.0,0.0,0.0,0.0,0.0,0.0,0.0,0.0,0.0,0.0,2021,RB,Kerryon Johnson,SF,1,0,0,0,0,0.0,0.0
150,150,149,21848,A. Pierce,26.1,0,0.0,0,0,0,0,1.72,0.0,0.0,0.0,0.0,0.0,0.0,0.0,0.0,0.0,2021,RB,Artavis Pierce,CHI,1,0,0,0,0,0.0,0.0
151,151,149,21825,S. Brown,23.6,0,0.0,0,0,0,0,0.0,0.0,0.0,0.0,0.0,0.0,0.0,0.0,0.0,0.0,2021,RB,Spencer Brown,CAR,1,0,0,0,0,0.0,0.0
152,152,149,19033,B. Hill,26.7,0,0.0,0,0,0,0,0.0,0.0,0.0,0.0,0.0,0.0,0.0,0.0,0.0,0.0,2021,RB,Brian Hill,SF,3,0,0,0,0,0.0,0.0
153,153,149,21850,T. Feaster,24.5,0,0.0,0,0,0,0,0.0,0.0,0.0,0.0,0.0,0.0,0.0,0.0,0.0,0.0,2021,RB,Tavien Feaster,ARI,3,0,0,0,0,0.0,0.0
154,154,149,21826,D. Bradwell,25.1,0,0.0,0,1,0,0,2.4,1.96,0.0,0.0,0.0,0.0,0.0,0.0,0.0,0.0,2021,RB,Darius Bradwell,LAC,2,0,0,0,0,0.0,0.0
155,155,149,22652,J. Johnson,24.5,0,0.0,0,0,0,0,0.0,0.0,0.0,0.0,0.0,0.0,0.0,0.0,0.0,0.0,2021,RB,Josh Johnson,SEA,3,0,0,0,0,0.0,0.0
156,156,149,15185,K. Barner,33.2,0,0.0,0,0,0,0,5.67,4.93,25.0,1.0,75.0,1.0,7.75,50.0,50.0,0.0,2021,RB,Kenjon Barner,TB,3,4,0,0,0,0.0,0.0
157,157,149,19599,T. Edmunds,27.5,0,0.0,0,0,0,0,0.0,0.0,0.0,0.0,0.0,0.0,0.0,0.0,0.0,0.0,2021,RB,Trey Edmunds,PIT,2,0,0,0,0,0.0,0.0
158,158,149,20935,J. Scarlett,27.0,0,0.0,0,0,0,0,0.0,0.0,0.0,0.0,0.0,0.0,0.0,0.0,0.0,0.0,2021,RB,Jordan Scarlett,MIA,1,0,0,0,0,0.0,0.0
159,159,163,23052,N. McCrary,23.2,-1,-1.0,0,0,0,0,2.94,3.7,100.0,1.0,0.0,0.0,6.0,0.0,0.0,100.0,2021,RB,Nate McCrary,BAL,1,1,0,0,0,-0.1,-0.1
160,160,138,21310,K. Blasingame,26.0,6,2.0,0,2,2,4,9.45,1.26,0.0,0.0,100.0,1.0,7.0,0.0,100.0,0.0,2021,RB,Khari Blasingame,TEN,11,3,0,1,1,-0.1,-1.0
161,161,140,20040,T. Cannon,28.0,4,1.33,0,0,0,0,0.13,1.0,0.0,0.0,0.0,0.0,0.0,0.0,0.0,0.0,2021,RB,Trenton Cannon,SF,12,3,0,1,1,-0.1,-1.6
162,162,3,17959,D. Henry,28.5,2027,5.36,17,31,19,114,65.65,78.5,13.22,4.3,87.03,5.5,7.13,31.74,43.91,24.33,2020,RB,Derrick Henry,TEN,16,378,0,3,2,19.6,314.1
163,163,1,18878,A. Kamara,27.0,932,4.98,16,107,83,756,58.76,61.37,26.2,5.51,73.79,4.79,7.04,25.13,41.17,34.22,2020,RB,Alvin Kamara,NO,15,187,5,1,0,19.7,294.8
164,164,2,18872,D. Cook,26.9,1557,4.99,16,54,44,361,71.8,79.91,17.3,4.51,83.65,5.03,7.16,30.44,45.83,24.67,2020,RB,Dalvin Cook,MIN,14,312,1,5,3,21.0,293.8
165,165,6,21682,J. Taylor,23.5,1169,5.03,11,39,36,299,48.08,52.82,46.98,5.91,53.01,4.26,6.91,21.98,43.1,34.91,2020,RB,Jonathan Taylor,IND,15,232,1,1,1,14.5,216.8
166,166,5,19045,A. Jones,27.6,1104,5.49,9,63,47,355,59.95,60.55,36.81,6.33,63.18,5.0,6.76,24.87,33.83,40.79,2020,RB,Aaron Jones,GB,14,201,2,2,0,15.1,211.9
167,167,4,20882,D. Montgomery,25.1,1070,4.33,8,68,54,438,72.88,90.0,44.12,5.25,56.27,3.58,6.86,19.02,43.72,37.65,2020,RB,David Montgomery,CHI,15,247,2,1,1,14.1,210.8
168,168,7,21970,J. Robinson,23.9,1070,4.45,7,60,49,344,70.82,85.71,29.16,6.54,71.66,3.59,6.73,17.08,39.58,43.75,2020,RB,James Robinson,JAX,14,240,3,3,1,14.4,201.4
169,169,8,20824,J. Jacobs,24.4,1065,3.9,12,45,33,238,61.41,68.83,33.69,4.34,66.3,3.66,6.98,29.67,32.6,37.36,2020,RB,Josh Jacobs,LV,15,273,0,2,2,13.2,198.3
170,170,11,19798,N. Chubb,26.5,1067,5.61,12,18,16,150,48.61,51.61,12.63,4.0,87.36,5.84,7.06,28.94,48.94,21.05,2020,RB,Nick Chubb,CLE,12,190,0,1,1,16.0,191.7
171,171,10,18944,K. Hunt,26.9,841,4.24,6,51,38,304,50.83,49.4,13.13,4.57,86.86,4.19,7.12,31.81,45.45,22.22,2020,RB,Kareem Hunt,CLE,16,198,5,2,0,11.3,180.5
172,172,9,17923,E. Elliott,27.0,979,4.01,6,71,52,338,72.42,71.91,34.01,3.93,65.98,4.04,6.5,12.7,40.16,46.31,2020,RB,Ezekiel Elliott,DAL,15,244,2,6,5,11.4,171.7
173,173,16,18003,K. Drake,28.4,955,3.99,10,31,25,137,56.8,66.17,88.7,3.89,11.29,4.77,6.59,16.31,34.72,47.69,2020,RB,Kenyan Drake,ARI,15,239,0,3,1,11.1,167.2
174,174,14,16776,M. Gordon III,29.2,986,4.58,9,44,32,158,63.09,62.86,41.39,4.87,58.6,4.38,6.25,12.09,24.18,63.72,2020,RB,Melvin Gordon III,DEN,15,215,1,4,4,11.1,166.4
175,175,13,21861,A. Gibson,24.0,795,4.67,11,44,36,247,42.99,47.34,60.58,4.92,39.41,4.29,6.51,12.94,27.05,60.0,2020,RB,Antonio Gibson,WAS,14,170,0,2,2,11.9,166.2
176,176,20,19861,R. Jones II,24.9,978,5.09,7,42,28,165,46.71,60.15,24.47,5.7,75.52,4.89,6.88,22.39,38.02,39.58,2020,RB,Ronald Jones II,TB,14,192,1,2,2,11.3,158.3
177,177,19,19119,C. Carson,27.8,681,4.82,5,46,37,287,51.04,57.89,46.8,4.75,53.19,4.89,6.54,9.21,43.97,46.09,2020,RB,Chris Carson,SEA,12,141,4,1,0,12.6,150.8
178,178,24,21674,J. Dobbins,23.6,805,6.0,9,24,18,120,46.93,40.3,93.28,6.16,7.46,3.4,7.2,28.35,51.49,20.89,2020,RB,J.K. Dobbins,BAL,15,134,0,2,0,10.0,150.5
179,179,12,16887,M. Davis,29.4,642,3.89,6,70,59,373,60.04,61.67,21.21,3.65,78.78,3.97,7.14,37.57,36.36,25.45,2020,RB,Mike Davis,CAR,15,165,2,1,1,9.8,147.5
180,180,21,16847,D. Johnson,30.6,691,4.7,6,46,33,314,73.8,73.94,59.18,4.42,40.81,5.1,6.57,17.68,35.37,46.25,2020,RB,David Johnson,HOU,12,147,2,2,1,12.2,146.5
181,181,18,21684,D. Swift,23.5,521,4.57,8,57,46,357,47.46,48.57,35.96,3.63,64.03,5.09,6.95,26.31,41.22,32.45,2020,RB,D'Andre Swift,DET,13,114,2,3,2,11.1,143.8
182,182,23,20933,M. Sanders,25.2,867,5.28,6,52,28,197,70.36,76.32,71.95,5.97,28.65,3.44,6.65,15.24,42.07,42.07,2020,RB,Miles Sanders,PHI,12,164,0,4,2,11.9,142.4
183,183,22,21769,C. Edwards-Helaire,23.2,803,4.43,4,54,36,297,58.58,66.76,64.64,4.82,35.35,3.73,6.48,12.7,30.38,56.9,2020,RB,Clyde Edwards-Helaire,KC,13,181,1,0,0,10.8,140.0
184,184,29,16771,T. Gurley II,27.9,678,3.47,9,34,25,164,48.81,54.78,23.07,5.35,77.43,2.9,6.87,18.97,42.05,39.48,2020,RB,Todd Gurley II,ATL,15,195,0,2,0,9.2,138.2
185,185,15,19912,N. Hines,25.6,380,4.26,3,76,63,482,35.19,30.38,78.65,4.18,22.47,4.35,6.5,12.35,23.59,65.16,2020,RB,Nyheim Hines,IND,16,89,4,0,0,8.1,130.2
186,186,27,18983,J. Conner,27.2,721,4.26,6,43,35,215,60.83,63.85,60.35,4.46,39.64,3.91,6.97,27.81,32.54,39.64,2020,RB,James Conner,PIT,13,169,0,2,0,10.0,129.6
187,187,32,20360,J. Wilson Jr.,26.6,600,4.76,7,28,13,133,39.48,45.16,30.95,4.46,69.04,4.93,7.18,28.57,53.96,17.46,2020,RB,Jeff Wilson Jr.,SF,11,126,3,2,2,11.8,129.3
188,188,28,20768,M. Gaskin,25.4,584,4.11,3,47,41,388,67.19,67.98,69.01,4.5,30.98,3.25,6.77,17.6,41.54,40.14,2020,RB,Myles Gaskin,MIA,10,142,2,2,2,12.3,123.2
189,189,37,20239,G. Edwards,27.2,723,5.02,6,13,9,129,33.46,38.1,93.05,5.26,6.94,1.8,7.3,33.33,51.38,15.27,2020,RB,Gus Edwards,BAL,16,144,0,1,1,7.4,119.2
190,190,33,18996,W. Gallman,27.8,682,4.63,6,27,21,114,41.0,46.52,37.41,3.45,62.58,5.34,7.16,36.05,38.77,24.48,2020,RB,Wayne Gallman,NYG,15,147,0,1,0,7.7,115.6
191,191,25,19919,C. Edmonds,26.2,448,4.61,1,67,53,402,43.77,37.44,92.78,4.72,7.21,2.85,6.22,10.3,22.68,67.01,2020,RB,Chase Edmonds,ARI,16,97,4,2,0,7.2,115.0
192,192,36,20798,D. Henderson Jr.,24.9,624,4.52,5,24,16,159,32.11,38.02,4.34,4.16,95.65,4.55,6.89,26.08,42.75,31.15,2020,RB,Darrell Henderson Jr.,LAR,15,138,1,0,0,7.6,114.3
193,193,34,15071,L. Murray,32.5,656,4.49,4,26,23,176,31.62,35.9,11.64,3.7,88.35,4.59,7.34,43.15,45.89,10.95,2020,RB,Latavius Murray,NO,15,146,1,1,0,7.5,113.2
194,194,40,4807,A. Peterson,37.3,604,3.87,7,18,12,101,29.88,40.55,22.43,3.68,77.56,3.92,6.92,25.0,39.1,35.25,2020,RB,Adrian Peterson,DET,16,156,0,0,0,7.0,112.5
195,195,17,18464,J. McKissic,28.9,365,4.29,1,110,80,589,57.81,38.23,60.0,4.17,40.0,4.47,6.35,9.41,23.52,67.05,2020,RB,J.D. McKissic,WAS,16,85,2,3,1,7.0,111.4
196,196,26,19562,A. Ekeler,27.1,530,4.56,1,65,54,403,56.25,54.84,50.0,4.53,50.0,4.6,6.64,13.79,43.1,43.1,2020,RB,Austin Ekeler,LAC,10,116,2,1,0,11.1,111.3
197,197,30,14916,G. Bernard,30.6,416,3.35,3,59,47,355,46.44,42.16,66.12,3.7,33.87,2.66,6.56,12.9,36.29,50.0,2020,RB,Giovani Bernard,CIN,16,124,3,1,1,6.9,111.1
198,198,31,20941,D. Singletary,24.8,687,4.4,2,50,38,269,56.39,56.43,52.56,4.29,47.43,4.51,6.03,2.56,28.84,67.3,2020,RB,Devin Singletary,BUF,16,156,0,1,1,6.6,105.6
199,199,38,18995,J. Williams,27.3,505,4.24,2,35,31,236,45.61,36.15,50.42,3.66,51.26,4.67,6.86,21.84,37.81,42.01,2020,RB,Jamaal Williams,GB,14,119,1,0,0,6.9,96.1
200,200,35,18803,L. Fournette,27.5,367,3.78,6,47,36,233,42.78,41.86,22.68,3.31,77.31,3.92,6.84,17.52,43.29,39.17,2020,RB,Leonard Fournette,TB,13,97,0,0,0,7.4,96.0
201,201,39,16510,J. McKinnon,30.2,319,3.93,5,46,33,253,32.41,26.13,50.61,3.73,49.38,4.15,6.66,19.75,43.2,35.8,2020,RB,Jerick McKinnon,SF,16,81,1,0,0,5.8,93.2
202,202,41,20912,T. Pollard,25.2,435,4.3,4,40,28,193,31.46,30.45,36.63,4.13,63.36,4.4,6.75,25.74,32.67,41.58,2020,RB,Tony Pollard,DAL,16,101,1,0,0,5.8,92.7
203,203,45,21688,C. Akers,23.0,625,4.31,2,14,11,123,32.46,42.17,5.51,2.0,94.48,4.44,7.3,35.86,49.65,14.48,2020,RB,Cam Akers,LAR,13,145,1,1,1,7.0,90.8
204,204,46,21784,Z. Moss,24.6,481,4.29,4,18,14,95,43.85,43.91,31.25,3.51,68.75,4.64,6.62,14.28,32.14,53.57,2020,RB,Zack Moss,BUF,13,112,1,0,0,6.7,87.6
205,205,53,20790,D. Harris,25.4,691,5.04,2,7,5,52,40.71,48.48,10.94,4.86,89.05,5.06,7.35,42.33,49.63,7.29,2020,RB,Damien Harris,NE,10,137,0,1,0,8.6,86.3
206,206,43,17053,M. Brown,29.1,419,4.14,5,33,23,162,42.11,29.45,14.85,3.8,85.14,4.19,6.38,13.86,35.64,48.51,2020,RB,Malcolm Brown,LAR,16,101,0,1,1,5.4,86.1
207,207,47,5820,F. Gore,39.1,653,3.49,2,19,16,89,41.25,51.11,37.96,3.85,62.03,3.26,6.4,10.69,31.55,57.75,2020,RB,Frank Gore,NYJ,15,187,0,1,1,5.6,84.2
208,208,48,17217,R. Mostert,30.2,521,5.0,2,19,16,156,44.58,47.49,37.5,4.35,62.5,5.4,7.01,22.11,55.76,22.11,2020,RB,Raheem Mostert,SF,8,104,1,1,1,10.5,83.7
209,209,44,14917,R. Burkhead,32.0,274,4.08,3,33,25,192,40.12,32.36,29.85,3.7,70.14,4.25,6.7,17.91,35.82,46.26,2020,RB,Rex Burkhead,NE,10,67,3,0,0,8.3,82.6
210,210,49,18858,J. Mixon,26.0,428,3.59,3,26,21,138,66.04,81.46,46.21,3.76,53.78,3.45,6.53,13.44,26.89,59.66,2020,RB,Joe Mixon,CIN,6,119,1,1,1,13.1,78.6
211,211,55,20868,A. Mattison,24.0,434,4.52,2,15,13,125,25.52,27.13,16.66,5.68,83.33,4.28,7.15,32.29,46.87,20.83,2020,RB,Alexander Mattison,MIN,13,96,1,0,0,5.7,73.9
212,212,54,18877,C. McCaffrey,26.1,225,3.81,5,19,17,149,75.94,82.97,30.5,3.5,69.49,3.92,6.76,23.72,38.98,35.59,2020,RB,Christian McCaffrey,CAR,3,59,1,0,0,24.5,73.4
213,213,50,20039,B. Scott,27.2,374,4.67,1,36,25,212,32.45,30.93,66.25,4.98,33.75,4.07,6.63,20.0,33.75,45.0,2020,RB,Boston Scott,PHI,16,80,1,2,0,4.4,70.6
214,214,51,19033,B. Hill,26.7,465,4.65,1,30,25,199,28.41,28.76,24.0,6.83,76.0,3.96,6.6,14.0,37.0,49.0,2020,RB,Brian Hill,ATL,16,100,0,2,1,4.4,70.4
215,215,57,16668,C. Hyde,31.8,356,4.39,4,20,16,93,36.44,36.33,46.91,4.0,54.32,4.7,6.83,22.22,39.5,39.5,2020,RB,Carlos Hyde,SEA,10,81,0,1,0,6.9,68.9
216,216,56,17970,D. Booker,30.1,423,4.54,3,21,17,84,21.99,23.31,37.63,4.37,62.36,4.65,6.81,24.73,36.55,38.7,2020,RB,Devontae Booker,LV,16,93,0,1,0,4.3,68.7
217,217,61,19828,S. Michel,27.4,449,5.68,1,9,7,114,31.52,37.44,25.31,4.2,74.68,6.18,7.25,37.97,41.77,20.25,2020,RB,Sony Michel,NE,9,79,1,0,0,7.6,68.3
218,218,42,16056,J. White,30.4,121,3.45,2,62,49,375,37.54,24.61,62.85,3.81,37.14,2.84,6.45,17.14,17.14,65.71,2020,RB,James White,NE,14,35,1,1,0,4.8,67.6
219,219,62,20950,B. Snell Jr.,24.4,368,3.31,4,14,10,61,25.73,31.01,52.25,4.63,47.74,1.86,7.12,37.83,24.32,36.03,2020,RB,Benny Snell Jr.,PIT,16,111,0,2,1,4.1,64.9
220,220,52,19824,K. Ballage,26.5,303,3.32,3,37,29,166,38.27,37.64,53.84,3.81,46.15,2.76,6.79,16.48,43.95,39.56,2020,RB,Kalen Ballage,LAC,11,91,0,1,0,5.9,64.9
221,221,59,14901,K. Juszczyk,31.2,64,3.8,2,29,19,202,43.8,8.6,17.6,2.3,82.4,4.1,7.88,70.6,29.4,0.0,2020,RB,Kyle Juszczyk,SF,16,17,4,1,0,3.9,62.6
222,222,67,20128,P. Lindsay,28.0,502,4.25,1,14,7,28,39.43,42.58,44.06,4.38,55.93,4.15,6.43,12.71,30.5,56.77,2020,RB,Phillip Lindsay,DEN,11,118,0,0,0,5.4,59.0
223,223,63,14967,L. Bell,30.4,328,4.0,2,20,16,138,36.18,38.93,56.09,4.02,45.12,3.86,6.42,9.75,37.8,51.21,2020,RB,Le'Veon Bell,KC,11,82,0,1,0,5.3,58.6
224,224,60,21776,J. Kelley,24.6,354,3.18,2,23,23,148,27.03,28.09,37.83,3.14,62.16,3.21,6.72,19.81,28.82,51.35,2020,RB,Joshua Kelley,LAC,14,111,0,2,2,4.2,58.2
225,225,66,21843,S. Ahmed,23.5,319,4.25,3,14,11,61,51.04,57.05,72.0,5.03,28.0,2.23,6.7,13.33,44.0,41.33,2020,RB,Salvon Ahmed,MIA,6,75,0,0,0,9.7,58.0
226,226,58,16838,D. Johnson,28.8,235,3.05,1,35,28,249,50.53,45.16,63.63,2.69,36.36,3.67,6.98,24.67,54.54,19.48,2020,RB,Duke Johnson,HOU,11,77,1,3,2,5.1,56.4
227,227,68,18993,S. Perine,26.8,301,4.77,3,12,11,66,18.89,17.28,65.07,4.21,34.92,5.81,6.58,12.69,46.03,39.68,2020,RB,Samaje Perine,CIN,16,63,0,0,0,3.4,54.7
228,228,64,19822,K. Johnson,25.0,181,3.48,2,26,19,187,27.55,18.18,34.61,4.16,65.38,3.11,6.76,17.3,44.23,38.46,2020,RB,Kerryon Johnson,DET,16,52,1,1,1,3.3,52.8
229,229,75,18375,P. Barber,28.4,258,2.74,4,7,4,12,17.44,19.8,35.1,2.66,64.89,2.78,7.32,39.36,46.8,13.82,2020,RB,Peyton Barber,WAS,16,94,0,0,0,3.2,51.0
230,230,71,19979,J. Wilkins,28.0,308,3.66,1,16,12,105,16.8,19.92,47.61,3.97,52.38,3.38,6.95,29.76,33.33,36.9,2020,RB,Jordan Wilkins,IND,15,84,0,0,0,3.3,49.3
231,231,70,20837,T. Johnson,24.8,254,4.7,1,21,16,99,21.98,20.6,25.92,4.14,74.07,4.9,6.55,11.11,38.88,50.0,2020,RB,Ty Johnson,NYJ,13,54,1,0,0,3.6,47.3
232,232,77,13337,M. Ingram II,32.5,299,4.15,2,8,6,50,23.03,29.09,98.61,4.19,1.38,1.0,7.19,25.0,59.72,15.27,2020,RB,Mark Ingram II,BAL,11,72,0,0,0,4.3,46.9
233,233,69,20064,J. Jackson,26.2,270,4.57,0,24,19,173,28.82,27.94,49.15,4.44,50.84,4.7,6.38,5.08,32.2,62.71,2020,RB,Justin Jackson,LAC,9,59,0,0,0,5.1,46.3
234,234,65,15150,C. Patterson,31.3,232,rushingyardsperattempt,1,25,21,132,18.32,0,0,0,0,0,0,0,0,0,2020,RB,Cordarrelle Patterson,CHI,16,64,0,0,0,2.6,42.4
235,235,78,21797,L. Perine,24.4,232,3.62,2,15,11,63,30.26,29.47,37.5,3.75,62.5,3.52,6.48,10.93,35.93,53.12,2020,RB,La'Mical Perine,NYJ,10,64,0,0,0,4.2,41.5
236,236,72,19924,I. Smith,26.8,268,4.25,1,26,17,75,22.8,22.87,41.26,4.26,60.31,4.13,6.57,14.28,31.74,55.55,2020,RB,Ito Smith,ATL,14,63,0,1,0,2.9,40.3
237,237,74,21804,D. Dallas,23.8,108,3.17,2,20,17,111,18.11,17.36,67.64,2.78,32.35,4.0,6.79,14.7,44.11,41.17,2020,RB,DeeJay Dallas,SEA,12,34,1,0,0,3.3,39.9
238,238,84,21802,A. Dillon,24.2,242,5.26,2,2,2,21,13.47,13.87,47.82,6.13,52.17,4.45,7.06,26.08,52.17,21.73,2020,RB,AJ Dillon,GB,11,46,0,0,0,3.5,38.3
239,239,73,12708,D. Lewis,31.8,115,3.96,2,30,19,127,29.0,15.01,55.17,4.87,44.82,2.84,6.24,17.24,24.13,55.17,2020,RB,Dion Lewis,NYG,16,29,1,3,2,2.4,38.2
240,240,83,14269,A. Morris,33.6,238,4.32,1,4,3,19,19.06,25.54,40.0,5.09,60.0,3.81,7.18,30.9,47.27,21.81,2020,RB,Alfred Morris,NYG,9,55,1,0,0,4.2,37.7
241,241,76,20500,D. Williams,27.2,169,4.33,1,26,18,116,28.19,18.36,79.48,4.25,20.51,4.62,6.1,7.69,12.82,79.48,2020,RB,Darrel Williams,KC,13,39,0,0,0,2.8,36.5
242,242,82,19319,M. Breida,27.4,254,4.3,0,10,9,96,18.63,20.17,72.88,4.93,27.11,2.62,6.3,11.86,22.03,64.4,2020,RB,Matt Breida,MIA,12,59,0,2,1,2.8,33.0
243,243,79,18690,J. Richard,28.7,123,5.59,1,23,19,138,20.23,10.71,72.72,6.5,27.27,3.16,6.27,4.54,27.27,68.18,2020,RB,Jalen Richard,LV,13,22,0,1,0,2.5,32.1
244,244,80,19065,J. McNichols,26.5,204,4.34,1,17,12,55,23.6,12.28,27.65,6.0,72.34,3.7,6.82,29.78,34.04,36.17,2020,RB,Jeremy McNichols,TEN,16,47,0,0,0,2.0,31.9
245,245,86,20075,J. Adams,25.7,157,5.41,2,8,6,29,15.09,16.74,20.68,2.33,79.31,6.21,6.89,27.58,41.37,27.58,2020,RB,Josh Adams,NYJ,8,29,0,0,0,3.8,30.6
246,246,92,18067,J. Howard,27.7,60,1.71,4,1,1,-3,13.99,20.45,31.42,2.81,68.57,1.2,7.54,40.0,45.71,14.28,2020,RB,Jordan Howard,PHI,7,35,0,1,0,4.2,29.7
247,247,88,16524,D. Freeman,30.3,172,3.18,1,10,7,58,46.59,55.17,38.88,3.19,61.11,3.18,6.2,1.85,25.92,72.22,2020,RB,Devonta Freeman,NYG,5,54,0,0,0,5.8,29.0
248,248,87,21775,R. Smith,26.4,156,3.8,1,11,9,59,30.97,32.91,43.9,4.55,56.09,3.21,6.63,9.75,46.34,43.9,2020,RB,Rodney Smith,CAR,7,41,0,1,0,3.9,27.5
249,249,89,20964,D. Thompson,25.4,97,3.59,1,11,7,65,8.42,10.41,66.66,3.38,33.33,4.0,6.4,11.11,29.62,59.25,2020,RB,Darwin Thompson,KC,14,27,1,2,1,1.9,26.2
250,250,85,19823,R. Freeman,26.4,170,4.85,0,13,12,81,16.76,10.81,62.85,5.22,37.14,4.23,6.28,5.71,28.57,65.71,2020,RB,Royce Freeman,DEN,16,35,0,0,0,1.6,25.1
251,251,91,21765,J. Hasty,25.8,148,3.79,1,8,7,33,17.48,20.52,20.51,3.25,79.48,3.93,6.94,20.51,53.84,25.64,2020,RB,JaMycal Hasty,SF,8,39,0,1,0,3.0,24.1
252,252,90,20810,T. Homer,23.9,88,3.52,0,10,9,90,22.31,15.69,60.0,4.46,40.0,2.1,6.2,8.0,32.0,60.0,2020,RB,Travis Homer,SEA,9,25,1,0,0,2.6,23.8
253,253,81,15102,C. Thompson,31.7,20,2.85,0,23,20,146,28.4,15.15,71.42,3.8,28.57,0.5,6.57,28.57,0.0,71.42,2020,RB,Chris Thompson,JAX,8,7,1,0,0,2.8,22.6
254,254,93,16815,A. Abdullah,29.1,42,5.25,0,9,8,58,6.57,3.35,62.5,4.2,37.5,7.0,6.62,0.0,62.5,37.5,2020,RB,Ameer Abdullah,MIN,16,8,2,0,0,1.4,22.0
255,255,103,18088,A. Collins,27.9,77,4.27,2,2,1,4,25.9,30.76,50.0,4.55,50.0,4.0,6.5,5.55,38.88,55.55,2020,RB,Alex Collins,SEA,3,18,0,0,0,6.7,20.1
256,256,94,19626,D. Ogunbowale,28.2,145,4.53,0,20,10,54,20.26,14.98,31.25,4.4,68.75,4.59,6.43,6.25,37.5,56.25,2020,RB,Dare Ogunbowale,JAX,14,32,0,0,0,1.4,19.9
257,257,99,21788,K. Vaughn,25.2,109,4.19,0,10,5,34,13.55,12.08,11.53,0.33,88.46,4.69,6.96,19.23,57.69,23.07,2020,RB,Ke'Shawn Vaughn,TB,10,26,1,1,1,1.8,18.3
258,258,105,21593,D. Johnson,26.4,166,5.03,0,4,3,14,7.19,7.34,21.21,2.28,78.78,5.76,6.36,9.09,39.39,48.48,2020,RB,D'Ernest Johnson,CLE,16,33,0,1,0,1.1,18.0
259,259,98,18652,C. Ham,29.0,18,3.6,0,14,8,97,41.1,4.4,20.0,4.0,80.0,3.5,7.8,80.0,20.0,0.0,2020,RB,C.J. Ham,MIN,15,5,1,0,0,1.2,17.5
260,260,95,20819,A. Ingold,26.0,4,1.3,0,17,12,110,19.3,5.7,0.0,0,100.0,1.3,7.67,33.3,66.7,0.0,2020,RB,Alec Ingold,LV,16,3,1,0,0,1.1,17.4
261,261,102,20990,T. Williams,24.7,157,6.03,0,5,5,30,9.5,12.1,53.84,3.28,46.15,9.25,6.42,0.0,42.3,57.69,2020,RB,Trayveon Williams,CIN,10,26,0,1,1,1.7,16.7
262,262,100,21854,A. McFarland Jr.,24.3,113,3.42,0,10,6,54,11.33,14.72,72.72,4.04,27.27,1.77,6.75,12.12,51.51,36.36,2020,RB,Anthony McFarland Jr.,PIT,11,33,0,0,0,1.5,16.7
263,263,104,19548,C. Clement,27.7,75,3.57,1,6,5,25,9.19,7.8,42.85,3.0,57.14,4.0,6.85,28.57,14.28,57.14,2020,RB,Corey Clement,PHI,15,21,0,0,0,1.1,16.0
264,264,112,18957,D. Foreman,26.2,95,4.31,0,1,1,5,7.44,12.04,13.63,5.0,86.36,4.21,6.5,13.63,50.0,31.81,2020,RB,D'Onta Foreman,TEN,6,22,1,0,0,2.7,16.0
265,265,115,16797,T. Yeldon,28.8,70,7.0,0,4,1,22,20.43,20.28,70.0,9.0,30.0,2.33,4.6,0.0,0.0,100.0,2020,RB,T.J. Yeldon,BUF,3,10,1,1,0,5.1,15.2
266,266,107,22310,G. Nabers,24.7,7,3.5,0,7,5,25,14.5,3.3,0.0,0,100.0,3.5,7.5,50.0,50.0,0.0,2020,RB,Gabe Nabers,LAC,16,2,2,0,0,1.0,15.2
267,267,97,18041,T. Ervin,28.7,67,5.15,0,15,11,84,25.34,10.29,53.84,6.71,46.15,3.33,7.23,38.46,46.15,15.38,2020,RB,Tyler Ervin,GB,8,13,0,0,0,1.9,15.1
268,268,113,20103,R. Bonnafon,26.5,69,5.75,0,2,2,18,16.26,24.13,0.0,0.0,100.0,5.75,7.25,50.0,25.0,25.0,2020,RB,Reggie Bonnafon,CAR,2,12,1,0,0,7.4,14.7
269,269,116,21845,D. Evans,24.0,54,3.85,0,4,2,27,9.53,10.97,7.14,3.0,92.85,3.92,7.57,50.0,35.71,14.28,2020,RB,Darrynton Evans,TEN,5,14,1,0,0,2.8,14.1
270,270,96,11932,L. McCoy,34.0,31,3.1,0,19,15,101,14.21,9.69,50.0,2.4,50.0,3.8,6.5,20.0,20.0,60.0,2020,RB,LeSean McCoy,TB,10,10,0,0,0,1.3,13.2
271,271,119,20159,M. Boone,27.0,59,5.36,1,2,2,10,2.7,2.56,9.09,7.0,90.9,5.2,7.27,27.27,72.72,0.0,2020,RB,Mike Boone,MIN,16,11,0,0,0,0.8,12.9
272,272,106,20106,R. Nall,26.5,0,0.0,0,9,8,67,5.88,3.35,33.33,0.0,66.66,0.0,7.66,66.66,0.0,33.33,2020,RB,Ryan Nall,CHI,16,3,1,0,0,0.8,12.7
273,273,111,18061,D. Washington,29.4,91,2.93,0,10,5,30,31.07,41.41,74.19,2.95,25.8,2.87,6.8,12.9,48.38,38.7,2020,RB,DeAndre Washington,MIA,4,31,0,0,0,3.0,12.1
274,274,101,21211,P. Laird,26.9,72,5.53,0,12,10,68,12.86,5.7,100.0,5.53,0.0,0.0,5.76,0.0,0.0,100.0,2020,RB,Patrick Laird,MIA,16,13,0,1,1,0.8,12.0
275,275,108,18764,T. Pope,28.6,76,5.06,0,10,8,42,13.83,11.62,60.0,3.44,40.0,7.5,6.26,6.66,20.0,73.33,2020,RB,Troymaine Pope,LAC,6,15,0,0,0,2.0,11.8
276,276,109,19003,T. Cohen,26.9,74,5.28,0,9,6,41,35.57,30.26,35.71,9.4,64.28,3.0,6.07,0.0,21.42,78.57,2020,RB,Tarik Cohen,CHI,3,14,0,0,0,3.8,11.5
277,277,124,21837,J. Taylor,24.5,110,4.78,0,2,1,4,12.74,15.92,4.34,3.0,95.65,4.86,6.21,21.73,30.43,39.13,2020,RB,J.J. Taylor,NE,6,23,0,0,0,1.9,11.4
278,278,110,21100,J. Johnson,27.6,0,0.0,0,9,8,35,32.9,3.6,0.0,0.0,0.0,0.0,0.0,0.0,0.0,0.0,2020,RB,Jakob Johnson,NE,16,0,1,1,0,0.6,9.5
279,279,118,19766,S. Barkley,25.4,34,1.78,0,9,6,60,48.81,60.86,15.78,1.66,84.21,1.81,6.21,5.26,31.57,63.15,2020,RB,Saquon Barkley,NYG,2,19,0,0,0,4.7,9.4
280,280,126,21848,A. Pierce,26.1,34,5.66,1,0,0,0,3.92,5.26,33.33,11.0,66.66,3.0,7.16,33.33,33.33,33.33,2020,RB,Artavis Pierce,CHI,5,6,0,0,0,1.9,9.4
281,281,122,16834,T. Coleman,29.2,53,1.89,0,5,4,34,12.83,13.52,25.0,3.85,75.0,1.23,7.0,39.28,21.42,39.28,2020,RB,Tevin Coleman,SF,8,28,0,0,0,1.1,8.7
282,282,121,20802,J. Hill,24.6,60,5.0,0,5,5,20,8.19,5.24,91.66,5.54,8.33,-1.0,6.33,0.0,50.0,50.0,2020,RB,Justice Hill,BAL,12,12,0,0,0,0.7,8.0
283,283,123,17965,C. Prosise,28.1,19,1.9,0,5,5,18,6.66,6.94,70.0,1.71,30.0,2.33,6.6,20.0,20.0,60.0,2020,RB,C.J. Prosise,HOU,10,10,1,1,1,0.8,7.7
284,284,114,19996,J. Samuels,26.0,28,3.11,0,14,9,46,11.61,6.51,66.66,3.16,33.33,3.0,6.33,11.11,11.11,77.77,2020,RB,Jaylen Samuels,PIT,14,9,0,0,0,0.5,7.4
285,285,129,13418,A. Sherman,33.6,8,2.7,0,2,1,5,11.4,4.0,0.0,0,100.0,2.7,8.0,66.7,33.3,0.0,2020,RB,Anthony Sherman,KC,13,3,1,0,0,0.6,7.3
286,286,130,21782,J. Ward,24.8,0,0.0,0,1,1,11,0.1,0.26,0.0,0.0,0.0,0.0,0.0,0.0,0.0,0.0,2020,RB,Jonathan Ward,ARI,14,0,1,0,0,0.5,7.1
287,287,134,20318,B. Howell,26.3,64,4.0,0,2,1,3,4.85,6.22,87.5,4.35,12.5,1.5,6.37,0.0,37.5,62.5,2020,RB,Buddy Howell,HOU,14,16,0,0,0,0.5,6.7
288,288,125,15126,T. Riddick,31.2,14,2.33,0,6,5,43,15.82,10.61,66.66,2.0,33.33,3.0,6.16,16.66,16.66,66.66,2020,RB,Theo Riddick,LV,4,6,0,0,0,1.4,5.7
289,289,128,18998,M. Mack,26.3,26,6.5,0,3,3,30,15.94,18.91,75.0,9.66,25.0,-3.0,7.5,25.0,75.0,0.0,2020,RB,Marlon Mack,IND,1,4,0,0,0,5.6,5.6
290,290,135,20566,D. Hilliard,27.4,48,5.33,0,1,1,2,5.75,5.84,22.22,4.5,77.77,5.57,6.88,22.22,44.44,33.33,2020,RB,Dontrell Hilliard,HOU,7,9,0,0,0,0.7,5.0
291,291,131,20040,T. Cannon,28.0,33,3.3,0,3,3,16,4.13,3.89,40.0,4.25,60.0,2.66,6.8,10.0,60.0,30.0,2020,RB,Trenton Cannon,CAR,14,10,0,0,0,0.4,4.9
292,292,127,16928,M. Burton,30.4,18,2.6,0,4,4,28,21.9,5.1,0.0,0,100.0,2.6,7.43,57.1,28.6,14.3,2020,RB,Michael Burton,NO,15,7,0,0,0,0.3,4.6
293,293,120,20904,D. Ozigbo,25.8,1,1.0,0,9,9,42,4.57,5.1,0.0,0.0,100.0,1.0,8.0,100.0,0.0,0.0,2020,RB,Devine Ozigbo,JAX,8,1,0,0,0,0.5,4.3
294,294,132,21310,K. Blasingame,26.0,0,0.0,0,5,4,39,14.22,1.02,0.0,0.0,0.0,0.0,0.0,0.0,0.0,0.0,2020,RB,Khari Blasingame,TEN,15,0,0,0,0,0.3,3.9
295,295,136,18617,E. Penny,28.9,15,2.5,0,3,2,20,6.71,2.49,0.0,0.0,100.0,2.5,7.83,50.0,50.0,0.0,2020,RB,Elijhaa Penny,NYG,14,6,0,0,0,0.2,3.5
296,296,141,19799,R. Penny,26.4,34,3.09,0,0,0,0,19.55,14.86,72.72,3.5,27.27,2.0,6.36,0.0,36.36,63.63,2020,RB,Rashaad Penny,SEA,3,11,0,0,0,1.1,3.4
297,297,142,20012,B. Scarbrough,25.8,31,5.16,0,0,0,0,19.35,23.07,16.66,0.0,83.33,6.2,7.0,16.66,66.66,16.66,2020,RB,Bo Scarbrough,SEA,1,6,0,0,0,3.1,3.1
298,298,139,21514,A. Walter,25.9,3,3.0,0,1,1,27,4.36,1.75,100.0,3.0,0.0,0.0,6.0,0.0,0.0,100.0,2020,RB,Austin Walter,SF,4,1,0,0,0,0.8,3.0
299,299,133,19072,A. Armah,28.1,9,1.5,0,9,5,18,13.9,5.0,0.0,0,100.0,1.5,7.83,83.3,16.7,0.0,2020,RB,Alex Armah,CAR,16,6,0,0,0,0.2,2.7
300,300,148,21952,R. Dowdle,24.5,24,3.42,0,0,0,0,1.45,1.62,28.57,4.0,71.42,3.2,7.28,28.57,71.42,0.0,2020,RB,Rico Dowdle,DAL,15,7,0,0,0,0.2,2.4
301,301,143,21764,J. Huntley,24.2,19,3.8,0,2,1,0,9.46,6.42,40.0,6.5,60.0,2.0,6.4,0.0,40.0,60.0,2020,RB,Jason Huntley,PHI,5,5,0,0,0,0.4,1.9
302,302,140,18093,A. Janovich,29.1,4,2.0,0,5,2,13,16.8,3.2,0.0,0,100.0,2.0,7.5,50.0,50.0,0.0,2020,RB,Andy Janovich,CLE,14,2,0,0,0,0.1,1.7
303,303,146,21856,S. Phillips,24.7,9,4.5,0,1,1,7,1.08,1.8,50.0,4.0,50.0,5.0,6.5,0.0,50.0,50.0,2020,RB,Scottie Phillips,HOU,8,2,0,0,0,0.2,1.6
304,304,145,21846,L. Bellamy,25.6,11,2.75,0,1,1,5,2.3,3.73,50.0,1.5,50.0,4.0,6.0,0.0,0.0,100.0,2020,RB,Levante Bellamy,DEN,5,4,0,0,0,0.3,1.6
305,305,151,18152,D. Washington,28.2,15,1.87,0,0,0,0,1.35,2.22,0.0,0.0,100.0,1.87,7.25,50.0,37.5,12.5,2020,RB,Dwayne Washington,NO,11,8,0,0,0,0.1,1.5
306,306,147,12787,N. Bellore,33.2,5,5.0,0,1,1,9,8.3,3.2,100.0,5.0,0.0,0,6.0,0.0,0.0,100.0,2020,RB,Nick Bellore,SEA,16,1,0,0,0,0.1,1.4
307,307,152,21774,T. Jones Jr.,24.6,13,4.33,0,0,0,0,6.25,13.04,0.0,0.0,100.0,4.33,6.33,0.0,66.66,33.33,2020,RB,Tony Jones Jr.,NO,1,3,0,0,0,1.3,1.3
308,308,149,18253,D. Foster,28.6,2,1.0,0,1,1,7,2.94,1.11,100.0,1.0,0.0,0.0,6.5,0.0,50.0,50.0,2020,RB,D.J. Foster,ARI,10,2,0,0,0,0.1,0.9
309,309,153,16441,S. Perry,30.8,9,4.5,0,0,0,0,0.63,0.82,0.0,0.0,100.0,4.5,7.0,0.0,100.0,0.0,2020,RB,Senorise Perry,TEN,7,2,0,0,0,0.1,0.9
310,310,154,20984,D. Williams,25.5,8,4.0,0,0,0,0,3.2,2.02,50.0,5.0,50.0,3.0,6.5,0.0,50.0,50.0,2020,RB,Dexter Williams,GB,3,2,0,0,0,0.3,0.8
311,311,150,21564,C. Reynolds,26.1,4,4.0,0,1,1,3,2.58,3.92,100.0,4.0,0.0,0.0,6.0,0.0,0.0,100.0,2020,RB,Craig Reynolds,JAX,2,1,0,0,0,0.4,0.7
312,312,138,18073,J. Williams,28.4,5,5.0,0,4,4,21,7.66,3.52,0.0,0.0,100.0,5.0,7.0,0.0,100.0,0.0,2020,RB,Jonathan Williams,DET,5,1,0,1,1,0.1,0.6
313,313,144,13791,L. Miller,31.2,0,0.0,0,2,2,6,12.0,25.0,0.0,0.0,0.0,0.0,0.0,0.0,0.0,0.0,2020,RB,Lamar Miller,WAS,1,0,0,0,0,0.6,0.6
314,314,155,21549,T. Brooks-James,27.6,4,1.33,0,0,0,0,8.33,8.82,33.33,2.0,66.66,1.0,7.0,33.33,33.33,33.33,2020,RB,Tony Brooks-James,ATL,1,3,0,0,0,0.4,0.4
315,315,156,20900,Q. Ollison,25.8,3,3.0,0,0,0,0,4.45,1.07,100.0,3.0,0.0,0.0,7.0,0.0,100.0,0.0,2020,RB,Qadree Ollison,ATL,3,1,0,0,0,0.1,0.3
316,316,169,22441,N. Cottrell,25.9,0,0.0,0,0,0,0,0.0,0.0,0.0,0.0,0.0,0.0,0.0,0.0,0.0,0.0,2020,RB,Nathan Cottrell,JAX,8,0,0,0,0,0.0,0.0
317,317,157,13063,T. Jones,33.9,0,0.0,0,2,0,0,0.35,0.64,0.0,0.0,0.0,0.0,0.0,0.0,0.0,0.0,2020,RB,Taiwan Jones,BUF,13,0,0,0,0,0.0,0.0
318,318,166,21839,X. Jones,24.9,0,0.0,0,0,0,0,0.0,0.0,0.0,0.0,0.0,0.0,0.0,0.0,0.0,0.0,2020,RB,Xavier Jones,LAR,13,0,0,0,0,0.0,0.0
319,319,167,21855,R. Calais,24.3,0,0.0,0,0,0,0,0.0,0.0,0.0,0.0,0.0,0.0,0.0,0.0,0.0,0.0,2020,RB,Raymond Calais,LAR,4,0,0,0,0,0.0,0.0
320,320,165,21826,D. Bradwell,25.1,0,0.0,0,0,0,0,0.0,0.0,0.0,0.0,0.0,0.0,0.0,0.0,0.0,0.0,2020,RB,Darius Bradwell,LAC,2,0,0,0,0,0.0,0.0
321,321,158,15185,K. Barner,33.2,0,0.0,0,1,0,0,1.29,0.58,0.0,0.0,0.0,0.0,0.0,0.0,0.0,0.0,2020,RB,Kenjon Barner,TB,6,0,0,0,0,0.0,0.0
322,322,160,19599,T. Edmunds,27.5,0,0.0,0,0,0,0,0.0,0.0,0.0,0.0,0.0,0.0,0.0,0.0,0.0,0.0,2020,RB,Trey Edmunds,PIT,4,0,0,0,0,0.0,0.0
323,323,162,21177,J. Cox,25.9,0,0.0,0,0,0,0,1.17,0.0,0.0,0.0,0.0,0.0,0.0,0.0,0.0,0.0,2020,RB,Jeremy Cox,DEN,7,0,0,0,0,0.0,0.0
324,324,168,21971,S. Olonilua,24.6,0,0.0,0,0,0,0,0.0,0.0,0.0,0.0,0.0,0.0,0.0,0.0,0.0,0.0,2020,RB,Sewo Olonilua,DAL,2,0,0,0,0,0.0,0.0
325,325,161,20809,E. Holyfield,24.6,0,0.0,0,0,0,0,0.0,0.0,0.0,0.0,0.0,0.0,0.0,0.0,0.0,0.0,2020,RB,Elijah Holyfield,PHI,1,0,0,0,0,0.0,0.0
326,326,159,18070,W. Smallwood,28.5,0,0.0,0,0,0,0,0.0,0.0,0.0,0.0,0.0,0.0,0.0,0.0,0.0,0.0,2020,RB,Wendell Smallwood,PIT,1,0,0,0,0,0.0,0.0
327,327,163,21787,J. Leake,23.9,0,0.0,0,0,0,0,0.0,0.0,0.0,0.0,0.0,0.0,0.0,0.0,0.0,0.0,2020,RB,Javon Leake,WAS,1,0,0,0,0,0.0,0.0
328,328,164,21793,M. Warren II,23.6,0,0.0,0,0,0,0,0.0,0.0,0.0,0.0,0.0,0.0,0.0,0.0,0.0,0.0,2020,RB,Mike Warren II,WAS,1,0,0,0,0,0.0,0.0
329,329,1,18877,C. McCaffrey,26.1,1387,4.8,15,143,116,1005,98.4,91.5,47.0,3.7,53.3,5.8,6.4,13.6,32.1,53.0,2019,RB,Christian McCaffrey,CAR,16,287,4,1,0,22.2,355.2
330,330,5,17959,D. Henry,28.5,1539,5.1,16,25,18,206,66.9,81.4,19.1,4.2,80.9,5.2,6.8,22.4,39.9,36.3,2019,RB,Derrick Henry,TEN,15,303,2,5,3,18.4,276.6
331,331,2,19045,A. Jones,27.6,1084,4.6,16,69,49,474,62.6,62.2,30.5,5.7,69.5,4.2,6.66,11.9,47.9,39.0,2019,RB,Aaron Jones,GB,16,236,3,3,2,16.6,265.8
332,332,3,17923,E. Elliott,27.0,1357,4.5,12,72,54,419,84.3,77.5,33.2,4.3,66.8,4.5,6.7,15.6,41.5,42.9,2019,RB,Ezekiel Elliott,DAL,16,301,2,3,2,16.1,257.7
333,333,6,18872,D. Cook,26.9,1135,4.5,13,63,53,519,68.1,63.1,8.4,3.5,91.6,4.6,6.89,23.2,46.4,29.2,2019,RB,Dalvin Cook,MIN,14,250,0,4,2,17.1,239.4
334,334,8,19798,N. Chubb,26.5,1494,5.0,8,50,36,278,71.0,73.3,42.6,6.0,59.4,4.3,6.83,18.1,42.6,40.6,2019,RB,Nick Chubb,CLE,16,298,0,3,3,13.7,219.2
335,335,4,19562,A. Ekeler,27.1,557,4.2,3,108,92,993,57.1,46.0,50.0,4.5,50.0,4.0,6.3,9.8,26.5,62.1,2019,RB,Austin Ekeler,LAC,16,132,8,3,2,13.6,217.0
336,336,11,13337,M. Ingram II,32.5,1013,5.0,10,30,26,247,49.8,54.9,94.5,5.3,7.0,1.2,6.67,18.4,37.3,43.8,2019,RB,Mark Ingram II,BAL,15,202,5,2,2,14.4,216.5
337,337,12,19119,C. Carson,27.8,1231,4.4,7,46,37,267,73.9,71.5,58.6,4.2,41.0,4.8,6.68,16.5,38.1,45.0,2019,RB,Chris Carson,SEA,15,278,2,7,4,13.0,195.6
338,338,10,19766,S. Barkley,25.4,1003,4.6,6,73,52,438,88.1,88.7,47.0,5.5,52.5,3.9,6.83,21.2,42.9,35.5,2019,RB,Saquon Barkley,NYG,13,217,2,1,0,14.8,192.1
339,339,13,18858,J. Mixon,26.0,1138,4.1,5,45,35,287,62.2,77.1,48.2,4.6,51.8,3.6,6.64,18.7,39.6,41.0,2019,RB,Joe Mixon,CIN,16,278,3,0,0,11.9,190.4
340,340,14,16771,T. Gurley II,27.9,857,3.8,12,50,31,207,76.0,72.4,7.6,3.6,92.4,3.9,6.78,20.2,42.6,37.2,2019,RB,Todd Gurley II,LAR,15,223,2,3,2,12.6,188.4
341,341,7,18803,L. Fournette,27.5,1152,4.3,3,100,76,522,91.7,90.1,23.0,3.5,77.4,4.6,7.09,32.1,38.9,28.7,2019,RB,Leonard Fournette,JAX,15,265,0,1,1,12.2,183.4
342,342,21,20824,J. Jacobs,24.4,1150,4.8,7,28,20,166,54.8,64.6,16.1,3.8,84.3,4.9,6.7,20.2,33.1,46.3,2019,RB,Josh Jacobs,LV,13,242,0,1,1,13.2,171.6
343,343,15,20933,M. Sanders,25.2,818,4.6,3,63,50,509,53.7,48.4,60.3,5.1,40.2,3.9,6.47,9.5,33.0,57.5,2019,RB,Miles Sanders,PHI,16,179,3,2,1,10.5,168.7
344,344,9,18878,A. Kamara,27.0,797,4.7,5,97,81,533,69.2,66.0,24.0,5.9,76.0,4.3,6.56,19.3,33.9,45.0,2019,RB,Alvin Kamara,NO,14,171,1,4,1,12.0,167.52
345,345,23,18998,M. Mack,26.3,1091,4.4,8,17,14,82,55.5,62.9,43.7,4.5,56.7,4.4,6.74,17.4,38.5,44.1,2019,RB,Marlon Mack,IND,14,247,0,0,0,12.0,167.3
346,346,17,18003,K. Drake,28.4,817,4.8,8,68,50,345,72.4,69.4,70.6,5.3,30.0,3.5,6.47,15.3,30.0,55.3,2019,RB,Kenyan Drake,ARI,14,170,0,2,1,11.7,164.2
347,347,18,20128,P. Lindsay,28.0,1011,4.5,7,48,35,196,53.5,56.2,28.6,5.1,71.9,4.3,6.92,25.0,43.8,30.8,2019,RB,Phillip Lindsay,DEN,16,224,0,0,0,10.2,162.7
348,348,25,17217,R. Mostert,30.2,772,5.6,8,22,14,180,36.4,32.2,25.5,5.2,74.5,5.8,6.67,29.9,29.2,40.1,2019,RB,Raheem Mostert,SF,16,137,2,2,2,9.4,151.2
349,349,16,14967,L. Bell,30.4,789,3.2,3,78,66,461,87.2,76.8,42.7,3.3,57.3,3.1,6.78,21.5,37.8,40.7,2019,RB,Le'Veon Bell,NYJ,15,245,1,1,1,9.9,149.0
350,350,24,20882,D. Montgomery,25.1,889,3.7,6,35,25,185,57.9,58.4,50.8,4.0,49.2,3.3,6.54,14.5,33.5,51.7,2019,RB,David Montgomery,CHI,16,242,1,2,2,9.1,145.4
351,351,30,16668,C. Hyde,31.8,1070,4.4,6,16,10,42,51.8,62.0,64.9,4.6,35.1,4.0,6.53,11.8,40.0,46.5,2019,RB,Carlos Hyde,HOU,16,245,0,4,2,9.0,143.2
352,352,31,19828,S. Michel,27.4,914,3.7,7,20,12,94,38.2,47.2,10.9,3.4,89.1,3.7,6.93,21.9,47.0,31.2,2019,RB,Sony Michel,NE,16,247,0,2,1,8.8,140.6
353,353,22,16776,M. Gordon III,29.2,612,3.8,8,55,42,296,55.6,54.7,38.3,4.1,61.1,3.6,6.54,14.8,23.5,61.1,2019,RB,Melvin Gordon III,LAC,12,162,1,4,3,11.6,138.8
354,354,19,16524,D. Freeman,30.3,656,3.6,2,70,59,410,67.5,67.4,21.7,4.1,77.7,3.3,6.69,19.6,47.8,29.9,2019,RB,Devonta Freeman,ATL,14,184,4,3,2,9.9,138.6
355,355,26,19861,R. Jones II,24.9,724,4.2,6,41,31,309,37.5,46.9,15.1,4.9,84.9,4.1,7.04,30.8,39.5,29.7,2019,RB,Ronald Jones II,TB,16,172,0,3,2,8.5,135.3
356,356,33,4807,A. Peterson,37.3,898,4.3,5,23,17,142,48.5,59.4,20.4,3.6,80.1,4.4,6.91,16.1,51.7,32.7,2019,RB,Adrian Peterson,WAS,15,211,0,3,2,8.7,130.0
357,357,20,16056,J. White,30.4,263,3.9,1,95,72,645,44.1,30.4,52.2,3.4,50.7,4.3,6.24,1.5,17.9,83.6,2019,RB,James White,NE,15,67,5,1,1,8.5,128.2
358,358,28,15071,L. Murray,32.5,637,4.4,5,43,34,235,40.2,38.8,8.9,6.0,91.1,4.2,7.16,35.6,43.8,19.9,2019,RB,Latavius Murray,NO,16,146,1,0,0,7.7,123.2
359,359,32,20941,D. Singletary,24.8,775,5.1,2,42,29,194,69.3,59.4,44.4,4.1,57.0,6.0,6.5,7.3,37.7,55.6,2019,RB,Devin Singletary,BUF,12,151,2,4,1,9.9,118.9
360,360,39,16834,T. Coleman,29.2,544,4.0,6,30,21,180,41.6,37.5,22.6,6.2,77.4,3.3,6.59,21.2,27.0,51.1,2019,RB,Tevin Coleman,SF,14,137,1,0,0,8.2,114.4
361,361,35,18983,J. Conner,27.2,464,4.0,4,39,34,251,54.0,57.8,69.0,4.2,31.0,3.6,6.93,27.6,44.8,26.7,2019,RB,James Conner,PIT,10,116,3,1,1,11.2,111.5
362,362,38,16031,D. Williams,30.3,498,4.5,5,37,30,213,51.9,52.1,53.2,3.9,46.8,5.2,6.03,11.7,23.4,60.4,2019,RB,Damien Williams,KC,11,111,2,1,1,10.1,111.1
363,363,29,16838,D. Johnson,28.8,410,4.9,2,62,44,410,49.0,34.4,60.2,5.3,39.8,4.4,6.13,7.2,25.3,65.1,2019,RB,Duke Johnson,HOU,16,83,3,1,1,6.9,110.0
364,364,34,18995,J. Williams,27.3,460,4.3,1,45,39,253,39.7,36.6,42.1,5.3,56.1,3.6,6.53,14.0,43.9,39.3,2019,RB,Jamaal Williams,GB,14,107,5,0,0,7.7,107.3
365,365,37,16847,D. Johnson,30.6,345,3.7,2,47,36,370,54.5,45.5,80.9,3.7,19.1,3.7,6.18,12.8,21.3,61.7,2019,RB,David Johnson,ARI,13,94,4,1,1,8.1,105.5
366,366,43,18067,J. Howard,27.7,525,4.4,6,14,10,69,44.0,47.5,42.0,4.2,58.0,4.6,6.48,12.6,40.3,42.9,2019,RB,Jordan Howard,PHI,10,119,1,0,0,10.1,101.4
367,367,42,18375,P. Barber,28.4,470,3.1,6,24,16,115,30.5,39.2,7.8,3.6,92.2,3.0,7.4,39.0,41.6,19.5,2019,RB,Peyton Barber,TB,16,154,1,1,1,6.3,100.5
368,368,36,19823,R. Freeman,26.4,496,3.8,3,50,43,256,49.9,37.6,31.1,4.5,68.9,3.4,6.75,22.0,45.5,30.3,2019,RB,Royce Freeman,DEN,16,132,1,0,0,6.2,99.2
369,369,41,11932,L. McCoy,34.0,465,4.6,4,34,28,181,33.9,39.9,63.4,4.4,36.6,5.0,6.19,5.9,30.7,60.4,2019,RB,LeSean McCoy,KC,13,101,1,3,2,7.0,90.6
370,370,40,18061,D. Washington,29.4,387,3.6,3,40,36,292,27.1,28.7,19.4,3.7,80.6,3.6,6.48,19.4,26.9,51.9,2019,RB,DeAndre Washington,LV,16,108,0,0,0,5.4,85.9
371,371,52,20239,G. Edwards,27.2,711,5.3,2,8,7,45,34.1,30.9,94.0,5.6,5.3,1.0,6.36,16.5,26.3,56.4,2019,RB,Gus Edwards,BAL,16,133,0,2,1,5.4,85.6
372,372,27,19003,T. Cohen,26.9,213,3.3,0,104,79,456,49.8,35.4,82.8,3.7,17.2,1.2,5.75,0.0,20.3,78.1,2019,RB,Tarik Cohen,CHI,16,64,3,3,0,5.3,84.9
373,373,46,19319,M. Breida,27.4,623,5.1,1,22,19,120,32.5,34.3,15.4,4.1,84.6,5.2,6.77,22.8,36.6,40.7,2019,RB,Matt Breida,SF,13,123,1,2,1,6.5,84.3
374,374,50,5820,F. Gore,39.1,599,3.6,2,16,13,100,37.1,44.8,16.9,3.2,83.1,3.7,7.33,36.1,44.6,18.7,2019,RB,Frank Gore,BUF,16,166,0,0,0,5.1,81.9
375,375,54,19822,K. Johnson,25.0,403,3.6,3,15,10,127,56.1,62.1,19.5,3.4,80.5,3.6,6.83,20.4,42.5,37.2,2019,RB,Kerryon Johnson,DET,8,113,1,1,1,9.4,75.0
376,376,53,20912,T. Pollard,25.2,455,5.3,2,20,15,107,19.3,24.6,36.0,4.3,65.1,5.5,7.0,22.1,52.3,26.7,2019,RB,Tony Pollard,DAL,15,86,1,1,1,4.9,74.2
377,377,48,14917,R. Burkhead,32.0,302,4.6,3,38,27,279,27.2,23.4,24.6,3.9,75.4,4.5,6.52,6.2,41.5,52.3,2019,RB,Rex Burkhead,NE,13,65,0,1,1,5.7,74.1
378,378,49,20039,B. Scott,27.2,245,4.0,5,26,24,204,29.1,30.5,57.4,4.1,42.6,4.0,6.93,29.5,32.8,37.7,2019,RB,Boston Scott,PHI,11,61,0,4,1,6.6,72.9
379,379,57,19919,C. Edmonds,26.2,303,5.0,4,21,12,105,32.5,34.3,73.3,5.5,26.7,3.8,6.28,3.3,31.7,65.0,2019,RB,Chase Edmonds,ARI,13,60,1,0,0,5.4,70.8
380,380,59,19799,R. Penny,26.4,370,5.7,3,11,8,83,23.6,27.5,44.6,5.5,52.3,5.9,6.6,12.3,46.2,38.5,2019,RB,Rashaad Penny,SEA,10,65,1,1,1,6.7,67.3
381,381,47,18944,K. Hunt,26.9,179,4.2,2,45,37,285,54.1,35.1,60.5,3.7,48.8,4.5,7.51,32.6,32.6,44.2,2019,RB,Kareem Hunt,CLE,8,43,1,1,0,8.0,64.4
382,382,44,19912,N. Hines,25.6,199,3.8,2,58,44,320,32.2,22.4,57.7,4.1,42.3,3.4,6.17,1.9,30.8,65.4,2019,RB,Nyheim Hines,IND,16,52,0,1,1,3.9,61.9
383,383,61,20868,A. Mattison,24.0,462,4.6,1,12,10,82,21.8,24.3,4.0,11.2,96.0,4.3,6.73,25.0,40.0,32.0,2019,RB,Alexander Mattison,MIN,13,100,0,1,1,4.5,58.4
384,384,45,19996,J. Samuels,26.0,175,2.7,1,57,47,305,42.8,34.3,71.2,3.1,28.8,1.5,6.7,27.3,30.3,40.9,2019,RB,Jaylen Samuels,PIT,14,66,1,1,1,4.1,57.4
385,385,63,19033,B. Hill,26.7,323,4.1,2,14,10,69,32.4,32.4,24.4,2.7,75.6,4.6,6.79,21.8,35.9,42.3,2019,RB,Brian Hill,ATL,12,78,1,0,0,4.8,57.2
386,386,67,17053,M. Brown,29.1,255,3.7,5,6,2,16,23.2,23.5,10.1,5.6,89.9,3.5,6.81,24.6,37.7,36.2,2019,RB,Malcolm Brown,LAR,14,69,0,0,0,4.1,57.1
387,387,68,20950,B. Snell Jr.,24.4,426,3.9,2,4,3,23,23.9,34.7,29.6,4.5,70.4,3.7,7.04,49.1,26.9,19.4,2019,RB,Benny Snell Jr.,PIT,13,108,0,1,1,4.2,54.9
388,388,62,20500,D. Williams,27.2,141,3.4,3,20,15,167,29.3,26.0,63.4,3.8,36.6,2.8,6.34,9.8,26.8,63.4,2019,RB,Darrel Williams,KC,10,41,1,1,1,5.3,52.8
389,389,51,15102,C. Thompson,31.7,138,3.7,0,58,42,378,47.8,31.5,81.1,3.7,18.9,3.9,6.11,8.1,18.9,73.0,2019,RB,Chris Thompson,WAS,11,37,0,1,0,4.7,51.6
390,390,69,19797,D. Guice,25.0,245,5.8,2,10,7,79,33.7,36.9,26.2,2.5,73.8,7.1,6.98,23.8,35.7,40.5,2019,RB,Derrius Guice,WAS,5,42,1,0,0,10.1,50.4
391,391,55,18464,J. McKissic,28.9,205,rushingyardsperattempt,0,42,34,233,0.0,0,0,0,0,0,0,0,0,0,2019,RB,J.D. McKissic,DET,16,38,1,0,0,3.1,49.8
392,392,75,20159,M. Boone,27.0,273,5.6,3,4,3,17,26.3,29.6,4.1,11.5,95.9,5.3,6.76,28.6,30.6,40.8,2019,RB,Mike Boone,MIN,16,49,0,0,0,2.9,47.0
393,393,70,19979,J. Wilkins,28.0,307,6.0,2,11,7,43,18.5,15.7,27.5,3.1,70.6,7.3,6.35,2.0,47.1,49.0,2019,RB,Jordan Wilkins,IND,14,51,0,0,0,3.4,47.0
394,394,56,18690,J. Richard,28.7,145,3.7,0,43,36,323,28.5,15.9,38.5,4.1,61.5,3.5,6.56,17.9,28.2,53.8,2019,RB,Jalen Richard,LV,16,39,0,2,0,2.9,46.8
395,395,65,21211,P. Laird,26.9,168,2.7,1,30,23,204,51.8,46.0,32.3,3.0,67.7,2.5,6.82,25.8,45.2,25.8,2019,RB,Patrick Laird,MIA,15,62,0,0,0,3.0,45.2
396,396,79,20360,J. Wilson Jr.,26.6,105,3.9,4,5,3,34,10.7,11.4,11.1,10.3,88.9,3.1,6.96,37.0,29.6,33.3,2019,RB,Jeff Wilson Jr.,SF,10,27,1,0,0,4.4,43.9
397,397,80,20012,B. Scarbrough,25.8,377,4.2,1,4,1,5,45.4,66.0,40.4,5.6,59.6,3.3,6.58,11.2,42.7,46.1,2019,RB,Bo Scarbrough,DET,6,89,0,1,1,7.0,42.2
398,398,73,13741,B. Bolden,32.4,68,4.5,3,11,9,111,6.6,4.9,13.3,3.5,86.7,4.7,7.33,26.7,40.0,33.3,2019,RB,Brandon Bolden,NE,15,15,1,0,0,2.8,41.9
399,399,76,20802,J. Hill,24.6,225,3.9,2,15,8,70,16.6,16.0,98.3,3.8,1.7,9.0,6.55,20.7,32.8,46.6,2019,RB,Justice Hill,BAL,16,58,0,0,0,2.6,41.5
400,400,64,12708,D. Lewis,31.8,209,3.9,0,32,25,164,38.2,21.2,29.6,4.7,70.4,3.7,6.5,14.8,40.7,42.6,2019,RB,Dion Lewis,TEN,16,54,1,1,1,2.6,41.3
401,401,58,19626,D. Ogunbowale,28.2,17,1.5,2,46,35,286,30.2,12.6,45.5,2.6,54.5,0.7,7.27,54.5,0.0,45.5,2019,RB,Dare Ogunbowale,TB,16,11,0,2,1,2.5,40.3
402,402,60,14916,G. Bernard,30.6,170,3.2,0,43,30,234,40.3,22.9,45.3,2.1,54.7,4.1,6.64,15.1,43.4,41.5,2019,RB,Giovani Bernard,CIN,16,53,0,2,1,2.4,38.4
403,403,71,19824,K. Ballage,26.5,135,1.8,3,24,14,63,34.6,33.4,39.2,2.2,60.8,1.6,6.26,12.2,33.8,50.0,2019,RB,Kalen Ballage,MIA,12,74,0,0,0,3.2,37.8
404,404,72,20743,R. Armstead,25.7,108,3.1,0,24,14,144,15.3,15.0,34.3,3.4,65.7,2.9,6.94,25.7,34.3,40.0,2019,RB,Ryquell Armstead,JAX,16,35,2,0,0,2.3,37.2
405,405,77,18996,W. Gallman,27.8,110,3.8,2,16,11,102,24.1,20.5,44.8,6.3,55.2,1.8,7.41,31.0,48.3,20.7,2019,RB,Wayne Gallman,NYG,10,29,1,1,1,3.7,37.2
406,406,66,20837,T. Johnson,24.8,273,4.3,0,31,24,109,29.3,26.3,41.3,5.2,58.7,3.7,6.19,7.9,33.3,55.6,2019,RB,Ty Johnson,DET,16,63,0,1,1,2.3,36.2
407,407,82,18073,J. Williams,28.4,235,4.8,1,5,5,59,28.3,33.5,42.9,7.5,59.2,2.9,6.61,8.2,36.7,57.1,2019,RB,Jonathan Williams,IND,9,49,0,0,0,3.9,35.4
408,408,74,14901,K. Juszczyk,31.2,7,2.3,0,24,20,239,34.3,7.1,33.3,6.0,66.7,0.5,7.67,33.3,33.3,33.3,2019,RB,Kyle Juszczyk,SF,12,3,1,0,0,2.6,30.6
409,409,92,20900,Q. Ollison,25.8,50,2.3,4,2,1,7,13.4,14.3,9.1,4.0,90.9,2.1,7.05,54.5,18.2,22.7,2019,RB,Qadree Ollison,ATL,8,22,0,1,0,3.7,29.7
410,410,81,19915,M. Walton,25.3,201,3.8,0,21,15,89,48.4,43.0,34.0,4.2,66.0,3.6,6.4,9.4,22.6,67.9,2019,RB,Mark Walton,MIA,7,53,0,1,1,3.9,27.0
411,411,87,12800,B. Powell,33.7,229,3.9,0,12,7,33,21.2,20.9,44.1,4.3,55.9,3.5,6.76,20.3,42.4,37.3,2019,RB,Bilal Powell,NYJ,13,59,0,0,0,2.0,26.2
412,412,84,20566,D. Hilliard,27.4,49,3.8,2,15,12,92,14.2,7.1,38.5,4.2,61.5,3.5,7.0,38.5,15.4,46.2,2019,RB,Dontrell Hilliard,CLE,14,13,0,2,0,1.9,26.1
413,413,86,19924,I. Smith,26.8,106,4.8,1,14,11,87,30.6,22.1,36.4,6.6,63.6,3.8,6.91,27.3,31.8,40.9,2019,RB,Ito Smith,ATL,7,22,0,0,0,3.6,25.3
414,414,90,20768,M. Gaskin,25.4,133,3.7,1,12,7,51,24.6,26.8,41.7,5.7,58.3,2.2,7.14,27.8,33.3,38.9,2019,RB,Myles Gaskin,MIA,7,36,0,0,0,3.5,24.4
415,415,83,16815,A. Abdullah,29.1,115,5.0,0,21,15,88,14.1,9.2,30.4,5.6,69.6,4.8,6.26,17.4,26.1,56.5,2019,RB,Ameer Abdullah,MIN,16,23,1,1,1,1.5,24.3
416,416,95,20103,R. Bonnafon,26.5,116,7.2,1,10,6,57,11.0,9.9,56.2,5.3,43.8,9.7,6.88,31.2,12.5,56.2,2019,RB,Reggie Bonnafon,CAR,13,16,0,0,0,1.8,23.3
417,417,89,20964,D. Thompson,25.4,128,3.4,1,10,9,43,15.1,17.1,57.9,3.9,42.1,2.6,6.18,2.6,31.6,65.8,2019,RB,Darwin Thompson,KC,12,37,0,0,0,1.9,23.1
418,418,91,20064,J. Jackson,26.2,200,6.9,0,11,9,22,20.1,16.4,31.0,7.4,69.0,6.7,6.72,13.8,48.3,37.9,2019,RB,Justin Jackson,LAC,7,29,0,0,0,3.2,22.2
419,419,85,18652,C. Ham,29.0,17,2.4,0,27,17,149,22.5,7.6,0.0,0,114.3,2.0,8.29,42.9,42.9,28.6,2019,RB,C.J. Ham,MIN,16,7,1,1,1,1.3,20.6
420,420,96,17965,C. Prosise,28.1,72,3.1,1,12,10,76,21.1,15.1,60.9,2.9,34.8,3.6,5.3,13.0,8.7,65.2,2019,RB,C.J. Prosise,SEA,9,23,0,1,1,2.1,18.8
421,421,94,15150,C. Patterson,31.3,103,rushingyardsperattempt,0,17,11,83,19.8,0,0,0,0,0,0,0,0,0,2019,RB,Cordarrelle Patterson,CHI,16,17,0,0,0,1.2,18.6
422,422,99,20798,D. Henderson Jr.,24.9,147,3.8,0,6,4,37,14.4,19.4,0.0,0,100.0,3.8,6.72,20.5,33.3,46.2,2019,RB,Darrell Henderson Jr.,LAR,13,39,0,0,0,1.4,18.4
423,423,97,20810,T. Homer,23.9,114,6.3,0,13,11,56,26.1,19.3,44.4,5.1,50.0,4.9,5.78,5.6,33.3,55.6,2019,RB,Travis Homer,SEA,16,18,0,0,0,1.1,17.0
424,424,93,16797,T. Yeldon,28.8,63,3.7,0,16,13,124,52.1,34.0,35.3,4.3,64.7,3.4,6.59,5.9,52.9,41.2,2019,RB,T.J. Yeldon,BUF,6,17,0,1,1,2.8,16.7
425,425,98,18070,W. Smallwood,28.5,81,3.7,0,13,9,64,22.6,12.5,40.9,3.4,59.1,3.8,6.41,0.0,59.1,40.9,2019,RB,Wendell Smallwood,WAS,15,22,0,0,0,1.0,14.5
426,426,103,20804,W. Hills,27.1,21,2.1,2,2,2,1,37.7,63.2,30.0,0.7,70.0,2.7,8.6,80.0,20.0,0.0,2019,RB,Wes Hills,DET,1,10,0,0,0,14.2,14.2
427,427,100,19599,T. Edmunds,27.5,92,4.2,0,7,6,48,19.5,14.8,13.6,5.3,86.4,4.0,7.45,63.6,22.7,9.1,2019,RB,Trey Edmunds,PIT,11,22,0,0,0,1.3,14.0
428,428,107,20982,K. Whyte Jr.,25.7,122,4.9,0,1,1,9,11.0,15.6,80.0,4.8,20.0,5.0,5.8,12.0,32.0,44.0,2019,RB,Kerrith Whyte Jr.,PIT,6,24,0,0,0,2.2,13.1
429,429,101,20819,A. Ingold,26.0,17,1.7,0,6,6,44,13.5,4.3,0.0,0,100.0,1.7,8.2,70.0,30.0,0.0,2019,RB,Alec Ingold,LV,16,10,1,0,0,0.8,12.1
430,430,106,6198,D. Sproles,39.0,66,3.9,0,10,6,24,24.2,14.1,70.6,5.2,35.3,0.5,6.06,0.0,23.5,76.5,2019,RB,Darren Sproles,PHI,6,17,0,1,0,1.8,11.0
431,431,104,18093,A. Janovich,29.1,1,1.0,1,5,5,42,19.9,4.6,0.0,0,100.0,1.0,11.0,100.0,0.0,0.0,2019,RB,Andy Janovich,DEN,7,1,0,0,0,1.5,10.3
432,432,108,18115,D. Watt,29.7,10,1.4,1,5,3,32,11.1,4.8,0.0,0,100.0,1.4,8.29,71.4,28.6,0.0,2019,RB,Derek Watt,LAC,16,7,0,0,0,0.6,10.2
433,433,102,18114,D. Vitale,28.7,3,3.0,0,12,7,97,13.5,4.6,100.0,3.0,0.0,0,5.0,0.0,0.0,100.0,2019,RB,Danny Vitale,GB,15,1,0,0,0,0.7,10.0
434,434,117,12386,M. Lynch,36.2,34,2.8,1,0,0,0,32.9,44.4,16.7,0.0,83.3,3.4,7.08,16.7,58.3,25.0,2019,RB,Marshawn Lynch,SEA,1,12,0,0,0,9.4,9.4
435,435,105,21593,D. Johnson,26.4,21,5.2,0,7,6,71,6.3,5.0,50.0,9.5,50.0,1.0,6.5,50.0,0.0,50.0,2019,RB,D'Ernest Johnson,CLE,16,4,0,0,0,0.6,9.2
436,436,114,12787,N. Bellore,33.2,0,0.0,0,2,2,23,1.6,3.2,0.0,0.0,0.0,0.0,0.0,0.0,0.0,0.0,2019,RB,Nick Bellore,SEA,14,0,1,0,0,0.6,8.3
437,437,116,19072,A. Armah,28.1,11,1.8,1,2,2,6,8.6,3.3,16.7,4.0,83.3,1.4,7.17,50.0,16.7,33.3,2019,RB,Alex Armah,CAR,16,6,0,0,0,0.5,7.7
438,438,118,18764,T. Pope,28.6,20,2.0,0,3,2,14,4.0,3.9,60.0,2.7,40.0,1.0,5.8,0.0,10.0,90.0,2019,RB,Troymaine Pope,LAC,14,10,1,1,1,0.5,7.4
439,439,110,15261,S. Ware,30.6,51,3.0,0,7,5,22,37.9,27.9,29.4,3.4,70.6,2.8,6.71,29.4,23.5,47.1,2019,RB,Spencer Ware,KC,3,17,0,1,0,2.4,7.3
440,440,109,17970,D. Booker,30.1,9,4.5,0,9,6,57,4.7,4.6,100.0,4.5,0.0,0,5.5,0.0,0.0,100.0,2019,RB,Devontae Booker,DEN,16,2,0,0,0,0.4,6.6
441,441,123,18152,D. Washington,28.2,60,7.5,0,1,1,6,2.4,5.1,0.0,0,100.0,7.5,6.75,0.0,75.0,25.0,2019,RB,Dwayne Washington,NO,15,8,0,0,0,0.4,6.6
442,442,113,18488,T. Carson,29.7,48,2.7,0,4,4,18,32.5,34.4,16.7,3.7,83.3,2.5,7.17,33.3,50.0,16.7,2019,RB,Tra Carson,DET,3,18,0,0,0,2.2,6.6
443,443,112,15555,Z. Line,32.2,20,2.9,0,10,6,36,20.0,6.6,14.3,0.0,100.0,2.9,8.86,85.7,14.3,14.3,2019,RB,Zach Line,NO,12,7,0,0,0,0.5,5.6
444,444,119,21310,K. Blasingame,26.0,0,0.0,0,5,4,54,10.5,4.2,0.0,0.0,0.0,0.0,0.0,0.0,0.0,0.0,2019,RB,Khari Blasingame,TEN,6,0,0,0,0,0.9,5.4
445,445,121,21456,J. Hilliman,26.6,91,3.0,0,4,3,1,56.6,46.6,30.0,3.6,70.0,2.8,7.23,36.7,40.0,23.3,2019,RB,Jon Hilliman,NYG,3,30,0,2,2,1.7,5.2
446,446,122,20904,D. Ozigbo,25.8,27,3.0,0,5,3,23,33.3,42.4,11.1,2.0,88.9,3.1,7.11,33.3,33.3,33.3,2019,RB,Devine Ozigbo,JAX,10,9,0,0,0,0.5,5.0
447,447,111,16887,M. Davis,29.4,27,2.1,0,8,7,22,21.5,13.6,53.8,2.7,46.2,1.3,6.38,23.1,0.0,76.9,2019,RB,Mike Davis,CAR,12,13,0,0,0,0.4,4.9
448,448,125,13063,T. Jones,33.9,40,4.4,0,1,1,9,10.9,16.9,33.3,3.7,66.7,4.8,5.78,0.0,11.1,88.9,2019,RB,Taiwan Jones,HOU,11,9,0,0,0,0.4,4.9
449,449,115,14786,P. DiMarco,33.2,7,2.3,0,7,5,41,17.7,5.4,0.0,0,100.0,2.3,7.67,33.3,66.7,0.0,2019,RB,Patrick DiMarco,BUF,16,3,0,0,0,0.3,4.8
450,450,124,18617,E. Penny,28.9,39,2.6,0,4,2,9,12.8,7.9,26.7,2.0,73.3,2.8,7.07,53.3,13.3,26.7,2019,RB,Elijhaa Penny,NYG,16,15,0,0,0,0.3,4.8
451,451,129,15020,C. Anderson,31.4,43,2.7,0,0,0,0,28.1,27.6,25.0,4.2,75.0,2.2,7.25,37.5,50.0,12.5,2019,RB,CJ Anderson,DET,2,16,0,0,0,2.2,4.3
452,452,128,17972,P. Perkins,27.6,29,2.2,0,1,1,9,11.5,25.0,23.1,5.7,69.2,1.3,6.15,7.7,46.2,38.5,2019,RB,Paul Perkins,DET,4,12,0,0,0,1.0,3.8
453,453,120,15185,K. Barner,33.2,28,7.0,0,8,6,22,6.7,3.2,100.0,7.0,0.0,0,6.25,0.0,25.0,75.0,2019,RB,Kenjon Barner,ATL,14,4,0,4,1,0.2,3.12
454,454,127,13418,A. Sherman,33.6,9,2.2,0,3,2,22,4.4,6.4,25.0,0.0,75.0,3.0,7.5,75.0,0.0,25.0,2019,RB,Anthony Sherman,KC,16,4,0,0,0,0.2,3.1
455,455,133,16909,J. Ajayi,29.1,30,3.0,0,1,0,0,8.4,12.8,60.0,3.2,40.0,2.8,6.5,10.0,30.0,60.0,2019,RB,Jay Ajayi,PHI,3,10,0,0,0,1.0,3.0
456,456,134,20600,D. Dawkins,27.5,26,2.4,0,1,0,0,17.6,23.1,9.1,1.0,90.9,2.5,6.36,18.2,54.5,18.2,2019,RB,Dalyn Dawkins,TEN,2,11,0,0,0,1.3,2.6
457,457,130,19032,T. Logan,27.8,10,3.3,0,3,2,13,2.2,2.3,66.7,4.0,33.3,2.0,7.67,33.3,33.3,33.3,2019,RB,T.J. Logan,TB,12,3,0,0,0,0.2,2.3
458,458,131,18041,T. Ervin,28.7,10,10.0,0,4,2,11,5.2,2.5,100.0,10.0,0.0,0,5.0,0.0,0.0,100.0,2019,RB,Tyler Ervin,GB,8,1,0,2,0,0.3,2.1
459,459,126,20018,N. Bawden,26.0,0,0.0,0,6,4,17,8.5,3.9,0.0,0.0,0.0,0.0,0.0,0.0,0.0,0.0,2019,RB,Nick Bawden,DET,10,0,0,0,0,0.2,1.7
460,460,132,17023,Z. Zenner,30.8,-2,-0.7,0,3,2,19,17.0,8.0,66.7,0.5,33.3,-3.0,6.0,0.0,0.0,100.0,2019,RB,Zach Zenner,MIA,5,3,0,0,0,0.3,1.7
461,461,137,18993,S. Perine,26.8,16,3.2,0,0,0,0,9.1,23.8,60.0,4.3,40.0,1.5,6.6,0.0,60.0,40.0,2019,RB,Samaje Perine,MIA,7,5,0,0,0,0.2,1.6
462,462,141,20790,D. Harris,25.4,12,3.0,0,0,0,0,5.1,9.3,0.0,0,100.0,3.0,8.5,100.0,0.0,0.0,2019,RB,Damien Harris,NE,3,4,0,0,0,0.4,1.2
463,463,140,20075,J. Adams,25.7,12,1.5,0,0,0,0,8.1,11.3,0.0,0,100.0,1.5,8.0,100.0,0.0,0.0,2019,RB,Josh Adams,NYJ,3,8,0,0,0,0.4,1.2
464,464,142,20984,D. Williams,25.5,11,2.2,0,0,0,0,7.2,7.6,40.0,2.5,60.0,2.0,6.4,0.0,40.0,60.0,2019,RB,Dexter Williams,GB,4,5,0,0,0,0.3,1.1
465,465,143,20318,B. Howell,26.3,10,2.0,0,0,0,0,18.8,6.8,60.0,1.7,40.0,2.5,6.2,0.0,20.0,80.0,2019,RB,Buddy Howell,HOU,16,5,0,0,0,0.1,1.0
466,466,146,20935,J. Scarlett,27.0,9,2.2,0,0,0,0,7.1,14.8,0.0,0,100.0,2.2,6.0,75.0,0.0,0.0,2019,RB,Jordan Scarlett,CAR,9,4,0,0,0,0.1,0.9
467,467,145,19957,J. Kelly,25.8,9,3.0,0,0,0,0,4.1,8.8,0.0,0,100.0,3.0,7.0,0.0,100.0,0.0,2019,RB,John Kelly,LAR,4,3,0,0,0,0.2,0.9
468,468,144,18217,J. Ferguson,29.1,9,3.0,0,0,0,0,5.9,12.0,0.0,0,100.0,3.0,6.67,0.0,66.7,33.3,2019,RB,Josh Ferguson,WAS,2,3,0,0,0,0.4,0.9
469,469,147,20106,R. Nall,26.5,8,4.0,0,0,0,0,3.4,3.2,100.0,4.0,0.0,0,5.5,0.0,0.0,100.0,2019,RB,Ryan Nall,CHI,8,2,0,0,0,0.1,0.8
470,470,136,19206,R. Ortiz,28.2,0,0.0,0,1,1,8,12.1,3.1,0.0,0.0,0.0,0.0,0.0,0.0,0.0,0.0,2019,RB,Ricky Ortiz,NO,1,0,0,0,0,0.8,0.8
471,471,148,21549,T. Brooks-James,27.6,7,0.9,0,0,0,0,7.0,8.5,62.5,2.2,25.0,-3.5,5.38,0.0,37.5,50.0,2019,RB,Tony Brooks-James,PIT,3,8,0,0,0,0.2,0.7
472,472,149,20562,D. Turner,26.9,6,1.5,0,0,0,0,7.0,12.5,25.0,1.0,75.0,1.7,7.75,75.0,25.0,0.0,2019,RB,De'Lance Turner,MIA,8,4,0,0,0,0.1,0.6
473,473,138,21100,J. Johnson,27.6,0,0.0,0,2,1,5,18.6,4.8,0.0,0.0,0.0,0.0,0.0,0.0,0.0,0.0,2019,RB,Jakob Johnson,NE,2,0,0,0,0,0.2,0.5
474,474,139,16441,S. Perry,30.8,3,1.0,0,1,1,1,6.6,7.4,33.3,-2.0,66.7,2.5,6.67,0.0,66.7,33.3,2019,RB,Senorise Perry,BUF,11,3,0,0,0,0.0,0.4
475,475,150,14269,A. Morris,33.6,4,4.0,0,0,0,0,2.1,4.8,100.0,4.0,0.0,0,5.0,0.0,0.0,100.0,2019,RB,Alfred Morris,ARI,1,1,0,0,0,0.4,0.4
476,476,135,16534,R. Nix,30.3,0,0.0,0,3,2,4,18.4,4.3,0.0,0.0,0.0,0.0,0.0,0.0,0.0,0.0,2019,RB,Roosevelt Nix,PIT,3,0,0,0,0,0.1,0.4
477,477,151,14783,J. Develin,34.0,3,1.5,0,0,0,0,22.2,5.4,0.0,0,100.0,1.5,8.5,100.0,0.0,0.0,2019,RB,James Develin,NE,2,2,0,0,0,0.2,0.3
478,478,155,20040,T. Cannon,28.0,0,0.0,0,0,0,0,0.0,0.0,0.0,0.0,0.0,0.0,0.0,0.0,0.0,0.0,2019,RB,Trenton Cannon,NYJ,4,0,0,0,0,0.0,0.0
479,479,152,14789,J. Olawale,33.2,0,0.0,0,2,0,0,14.1,2.2,0.0,0.0,0.0,0.0,0.0,0.0,0.0,0.0,2019,RB,Jamize Olawale,DAL,16,0,0,0,0,0.0,0.0
480,480,154,18253,D. Foster,28.6,0,0.0,0,0,0,0,0.0,0.0,0.0,0.0,0.0,0.0,0.0,0.0,0.0,0.0,2019,RB,D.J. Foster,ARI,1,0,0,0,0,0.0,0.0
481,481,153,16928,M. Burton,30.4,0,0.0,0,1,0,0,10.9,4.2,0.0,0.0,0.0,0.0,0.0,0.0,0.0,0.0,2019,RB,Michael Burton,WAS,10,0,0,0,0,0.0,0.0
482,482,156,19548,C. Clement,27.7,0,0.0,0,0,0,0,0.0,0.0,0.0,0.0,0.0,0.0,0.0,0.0,0.0,0.0,2019,RB,Corey Clement,PHI,4,0,0,2,2,-1.0,-4.0
483,483,3,16771,T. Gurley II,27.9,1251,4.9,17,81,59,580,88.9,86.2,3.9,2.5,97.3,4.9,6.7,14.8,40.2,44.9,2018,RB,Todd Gurley II,LAR,14,256,4,1,1,22.4,313.1
484,484,2,19766,S. Barkley,25.4,1307,5.0,11,121,91,721,87.9,80.1,25.3,5.2,75.1,4.9,7.03,25.7,48.7,25.7,2018,RB,Saquon Barkley,NYG,16,261,4,0,0,18.4,294.8
485,485,1,18877,C. McCaffrey,26.1,1098,5.0,7,124,107,867,94.5,82.5,55.3,6.0,44.7,3.7,6.9,23.7,40.2,35.6,2018,RB,Christian McCaffrey,CAR,16,219,6,4,1,17.4,278.5
486,486,4,18878,A. Kamara,27.0,883,4.6,14,105,81,709,66.3,58.7,21.6,4.4,79.9,4.5,6.87,20.1,38.1,42.8,2018,RB,Alvin Kamara,NO,15,194,4,1,0,18.2,273.2
487,487,5,17923,E. Elliott,27.0,1434,4.7,6,95,77,567,93.8,90.1,28.3,4.7,71.7,4.7,7.05,28.3,45.4,26.3,2018,RB,Ezekiel Elliott,DAL,15,304,3,6,1,16.8,252.2
488,488,8,16776,M. Gordon III,29.2,885,5.1,10,66,50,490,71.9,63.9,26.3,5.3,74.3,5.0,6.75,17.1,44.0,38.9,2018,RB,Melvin Gordon III,LAC,12,175,4,1,0,18.8,225.5
489,489,7,18983,J. Conner,27.2,973,4.5,12,71,55,497,79.5,83.1,52.6,5.1,47.4,3.9,7.09,33.5,32.1,34.4,2018,RB,James Conner,PIT,13,215,1,4,2,17.3,225.0
490,490,12,18944,K. Hunt,26.9,824,4.6,7,35,26,378,73.9,80.9,68.0,5.4,32.0,2.7,6.59,19.3,28.7,51.4,2018,RB,Kareem Hunt,KC,11,181,7,0,0,18.6,204.2
491,491,10,18858,J. Mixon,26.0,1168,4.9,8,55,43,296,73.0,79.1,33.8,5.4,66.2,4.7,6.63,14.8,35.0,49.8,2018,RB,Joe Mixon,CIN,14,237,1,0,0,14.3,200.4
492,492,9,16847,D. Johnson,30.6,940,3.6,7,76,50,446,83.1,77.5,22.9,4.0,77.1,3.5,7.02,31.8,41.9,25.6,2018,RB,David Johnson,ARI,16,258,3,3,2,12.3,196.6
493,493,6,16056,J. White,30.4,425,4.5,5,123,87,751,54.3,38.6,35.1,5.6,64.9,3.9,6.4,12.8,29.8,56.4,2018,RB,James White,NE,16,94,7,0,0,11.8,189.6
494,494,13,20128,P. Lindsay,28.0,1037,5.4,9,47,35,241,48.7,53.7,21.9,5.8,78.6,5.3,6.88,24.0,42.2,33.9,2018,RB,Phillip Lindsay,DEN,15,192,1,0,0,12.5,187.8
495,495,15,17959,D. Henry,28.5,1059,4.9,12,18,15,99,43.1,50.8,25.6,4.2,74.4,5.2,7.37,44.7,38.1,16.7,2018,RB,Derrick Henry,TEN,16,215,0,1,1,11.6,186.36
496,496,14,19119,C. Carson,27.8,1151,4.7,9,24,20,163,52.4,57.9,54.3,4.9,45.7,4.4,7.01,26.3,41.3,32.4,2018,RB,Chris Carson,SEA,14,247,0,3,2,13.0,181.4
497,497,17,19798,N. Chubb,26.5,996,5.2,8,29,20,149,37.1,48.4,27.1,5.8,72.9,5.0,7.1,29.2,41.1,29.7,2018,RB,Nick Chubb,CLE,16,192,2,0,0,10.9,174.5
498,498,19,4807,A. Peterson,37.3,1042,4.2,7,26,20,208,49.6,63.2,24.7,4.0,75.3,4.2,6.76,14.7,45.8,39.4,2018,RB,Adrian Peterson,WAS,16,251,1,3,2,10.6,169.0
499,499,11,19003,T. Cohen,26.9,444,4.5,3,89,71,725,47.9,37.8,81.8,4.5,18.2,4.1,6.36,7.1,32.3,59.6,2018,RB,Tarik Cohen,CHI,16,99,5,7,3,10.2,162.94
500,500,18,16834,T. Coleman,29.2,800,4.8,4,44,32,276,57.4,54.2,14.4,1.9,85.6,5.3,6.46,15.6,45.5,34.1,2018,RB,Tevin Coleman,ATL,16,167,5,2,0,10.1,161.6
501,501,21,18998,M. Mack,26.3,908,4.7,9,26,17,103,55.2,60.7,43.6,5.4,57.4,4.0,6.7,13.8,42.1,44.1,2018,RB,Marlon Mack,IND,12,195,1,2,2,13.4,161.1
502,502,20,18067,J. Howard,27.7,935,3.7,9,27,20,145,59.5,55.6,55.2,4.2,44.8,3.1,6.68,18.4,40.0,40.0,2018,RB,Jordan Howard,CHI,16,250,0,2,1,10.0,160.0
503,503,16,18003,K. Drake,28.4,535,4.5,4,73,53,477,61.3,45.6,50.0,4.4,50.0,4.5,6.47,11.7,34.2,53.3,2018,RB,Kenyan Drake,MIA,16,120,5,2,1,9.6,153.2
504,504,23,13791,L. Miller,31.2,973,4.6,5,35,25,163,69.7,63.1,44.3,4.9,55.7,4.4,6.85,22.4,43.3,33.8,2018,RB,Lamar Miller,HOU,14,210,1,1,1,10.5,147.6
505,505,24,19045,A. Jones,27.6,728,5.5,8,35,26,206,50.0,56.9,33.8,5.1,66.2,5.7,6.55,7.5,37.6,54.9,2018,RB,Aaron Jones,GB,12,133,1,1,1,12.1,145.4
506,506,26,19319,M. Breida,27.4,814,5.3,3,31,27,261,42.4,43.4,19.6,4.0,80.4,5.6,6.9,24.8,41.2,34.0,2018,RB,Matt Breida,SF,14,153,2,1,1,9.7,135.5
507,507,35,19828,S. Michel,27.4,931,4.5,6,11,7,50,36.2,46.7,8.6,5.2,90.9,4.4,6.99,21.5,57.4,20.1,2018,RB,Sony Michel,NE,13,209,0,1,1,10.2,132.1
508,508,31,18375,P. Barber,28.4,871,3.7,5,29,20,92,58.1,68.5,23.5,3.9,76.5,3.7,6.93,26.1,38.9,34.6,2018,RB,Peyton Barber,TB,16,234,1,1,1,8.1,130.3
509,509,25,19562,A. Ekeler,27.1,554,5.2,2,53,39,404,41.8,36.7,28.3,6.4,71.7,4.8,6.76,22.6,41.5,34.9,2018,RB,Austin Ekeler,LAC,14,106,3,1,1,9.3,129.8
510,510,32,13337,M. Ingram II,32.5,645,4.7,6,27,21,170,46.3,41.4,15.2,5.1,84.8,4.6,6.75,16.7,44.9,37.7,2018,RB,Mark Ingram II,NO,12,138,1,3,1,10.1,121.5
511,511,33,16127,I. Crowell,29.5,685,4.8,6,28,21,152,42.3,45.5,23.8,3.6,76.2,5.2,6.66,18.9,41.3,38.5,2018,RB,Isaiah Crowell,NYJ,13,143,0,0,0,9.2,119.7
512,512,22,16797,T. Yeldon,28.8,414,4.0,1,78,55,487,59.0,43.6,57.7,4.2,42.3,3.8,6.84,25.0,39.4,34.6,2018,RB,T.J. Yeldon,JAX,14,104,4,1,1,8.4,118.1
513,513,30,18872,D. Cook,26.9,615,4.6,2,49,40,305,72.0,65.2,30.1,6.5,69.9,3.8,6.42,8.3,37.6,53.4,2018,RB,Dalvin Cook,MIN,11,133,2,2,2,10.2,112.0
514,514,37,15071,L. Murray,32.5,578,4.1,6,26,22,141,46.8,41.8,17.1,3.8,82.9,4.2,7.1,26.4,50.7,22.9,2018,RB,Latavius Murray,MIN,16,140,0,0,0,6.9,109.9
515,515,34,19822,K. Johnson,25.0,641,5.4,3,39,32,213,55.9,63.8,44.9,5.8,55.1,5.1,6.85,23.7,41.5,34.7,2018,RB,Kerryon Johnson,DET,10,118,1,1,1,10.7,107.4
516,516,36,16887,M. Davis,29.4,514,4.6,4,42,34,214,38.0,30.4,75.0,4.6,25.0,4.6,6.81,17.0,46.4,36.6,2018,RB,Mike Davis,SEA,15,112,1,0,0,6.9,102.8
517,517,41,14385,D. Martin,33.5,723,4.2,4,24,18,116,35.8,40.8,33.7,4.7,66.3,4.0,6.76,20.9,33.7,45.3,2018,RB,Doug Martin,LV,16,172,0,3,3,6.4,101.9
518,518,28,12708,D. Lewis,31.8,517,3.3,1,67,59,400,63.1,48.4,27.7,3.0,72.3,3.4,7.05,29.7,40.6,29.7,2018,RB,Dion Lewis,TEN,16,155,1,1,1,6.4,101.7
519,519,40,18803,L. Fournette,27.5,439,3.3,5,26,22,185,52.3,57.0,27.1,4.4,72.9,2.9,7.15,36.1,36.8,26.3,2018,RB,Leonard Fournette,JAX,8,133,1,0,0,12.3,98.4
520,520,27,19912,N. Hines,25.6,314,3.7,2,81,63,425,43.8,35.0,67.1,4.3,32.9,2.5,6.31,11.8,29.4,57.6,2018,RB,Nyheim Hines,IND,16,85,2,1,0,6.1,97.9
521,521,45,18088,A. Collins,27.9,411,3.6,7,21,15,105,42.9,50.6,42.1,4.4,57.9,3.0,6.89,28.9,39.5,28.9,2018,RB,Alex Collins,BAL,10,114,1,3,3,9.4,93.6
522,522,39,11932,L. McCoy,34.0,514,3.2,3,46,34,238,56.4,52.7,29.2,2.5,70.8,3.5,6.61,17.4,37.9,42.9,2018,RB,LeSean McCoy,BUF,14,161,0,0,0,6.7,93.2
523,523,46,5820,F. Gore,39.1,722,4.6,0,16,12,124,44.0,46.6,40.4,4.1,59.6,5.0,6.49,8.3,41.0,49.4,2018,RB,Frank Gore,MIA,14,156,1,1,0,6.5,90.6
524,524,42,18070,W. Smallwood,28.5,364,4.2,3,35,28,230,37.5,34.2,72.4,4.0,28.7,4.6,6.69,11.5,42.5,47.1,2018,RB,Wendell Smallwood,PHI,16,87,2,2,1,5.6,89.4
525,525,29,18690,J. Richard,28.7,259,4.7,1,81,68,607,41.5,28.3,56.4,5.2,43.6,4.1,6.51,10.9,34.5,54.5,2018,RB,Jalen Richard,LV,16,55,0,3,2,5.5,88.6
526,526,49,16668,C. Hyde,31.8,571,3.3,5,17,10,33,41.7,44.2,30.8,3.5,69.2,3.2,7.28,40.7,34.3,23.8,2018,RB,Carlos Hyde,JAX,14,172,0,2,1,6.3,88.4
527,527,57,20239,G. Edwards,27.2,718,5.2,2,2,2,20,38.8,44.6,88.3,5.5,12.4,3.4,6.93,24.1,41.6,35.0,2018,RB,Gus Edwards,BAL,11,137,0,0,0,8.0,87.8
528,528,44,18995,J. Williams,27.3,464,3.8,3,41,27,210,50.9,41.9,53.7,4.1,45.5,3.5,6.43,9.9,28.9,60.3,2018,RB,Jamaal Williams,GB,16,121,0,0,0,5.5,87.4
529,529,47,19823,R. Freeman,26.4,521,4.0,5,20,14,72,34.2,35.4,16.2,1.7,83.8,4.4,6.97,24.6,45.4,30.0,2018,RB,Royce Freeman,DEN,14,130,0,1,1,6.2,87.3
530,530,38,16838,D. Johnson,28.8,201,5.0,0,62,47,429,43.1,22.3,52.5,5.6,52.5,4.0,6.88,7.5,45.0,52.5,2018,RB,Duke Johnson,CLE,16,40,3,1,0,5.3,85.0
531,531,51,16189,A. Blue,31.2,499,3.3,2,27,20,154,43.4,40.7,36.7,3.8,63.3,3.1,7.03,26.7,48.0,24.7,2018,RB,Alfred Blue,HOU,16,150,0,0,0,4.8,77.3
532,532,58,12296,L. Blount,35.6,418,2.7,5,15,10,67,27.3,42.4,20.1,3.9,80.5,2.4,7.24,33.8,44.8,22.1,2018,RB,LeGarrette Blount,DET,16,154,0,2,1,4.8,76.5
533,533,48,16031,D. Williams,30.3,256,5.1,4,24,23,160,31.0,29.7,56.0,5.4,42.0,5.0,6.36,14.0,26.0,58.0,2018,RB,Damien Williams,KC,14,50,2,1,1,5.4,75.6
534,534,61,20075,J. Adams,25.7,511,4.3,3,13,7,58,32.7,40.5,51.7,4.6,48.3,3.8,6.48,5.0,44.2,50.0,2018,RB,Josh Adams,PHI,13,120,0,1,1,5.8,74.9
535,535,50,19924,I. Smith,26.8,315,3.5,4,32,27,152,38.0,38.2,13.3,3.5,86.7,3.5,6.71,21.1,45.6,31.1,2018,RB,Ito Smith,ATL,14,90,0,1,0,5.0,70.7
536,536,54,15150,C. Patterson,31.3,228,rushingyardsperattempt,1,28,21,247,20.5,0,0,0,0,0,0,0,0,0,2018,RB,Cordarrelle Patterson,NE,15,42,3,1,1,4.6,69.5
537,537,59,19109,E. McGuire,28.1,276,3.0,3,31,19,193,65.0,54.2,29.3,3.1,70.7,3.0,6.82,16.3,41.3,42.4,2018,RB,Elijah McGuire,NYJ,8,92,1,2,2,8.4,66.9
538,538,65,12239,C. Ivory,34.3,385,3.3,1,21,13,205,36.5,37.2,27.8,4.0,72.2,3.1,6.87,24.3,33.0,42.6,2018,RB,Chris Ivory,BUF,13,115,0,1,0,5.0,65.0
539,539,63,12386,M. Lynch,36.2,376,4.2,3,19,15,84,51.9,56.2,25.6,7.8,74.4,2.9,7.08,34.4,34.4,31.1,2018,RB,Marshawn Lynch,LV,6,90,0,0,0,10.7,64.0
540,540,55,19996,J. Samuels,26.0,256,4.6,0,29,26,199,36.8,35.1,66.1,5.3,33.9,3.2,6.5,7.1,37.5,55.4,2018,RB,Jaylen Samuels,PIT,14,56,3,1,0,4.5,63.5
541,541,70,15020,C. Anderson,31.4,403,6.0,2,9,5,41,26.3,28.4,26.9,5.1,73.1,6.3,7.18,32.8,53.7,13.4,2018,RB,CJ Anderson,LAR,11,67,1,0,0,5.7,62.4
542,542,67,19799,R. Penny,26.4,419,4.9,2,12,9,75,22.6,23.0,60.0,5.4,40.0,4.3,6.93,23.5,43.5,32.9,2018,RB,Rashaad Penny,SEA,14,85,0,0,0,4.4,61.4
543,543,52,14916,G. Bernard,30.6,211,3.8,3,48,35,218,45.1,32.6,44.6,3.0,55.4,4.4,6.61,16.1,35.7,48.2,2018,RB,Giovani Bernard,CIN,12,56,0,0,0,5.1,60.9
544,544,68,14269,A. Morris,33.6,428,3.9,2,14,8,73,34.5,36.8,14.4,5.1,85.6,3.6,7.21,30.6,48.6,20.7,2018,RB,Alfred Morris,SF,12,111,0,2,1,5.0,60.1
545,545,62,19548,C. Clement,27.7,259,3.8,2,25,22,192,33.6,31.2,63.2,4.6,38.2,2.5,6.69,7.4,44.1,50.0,2018,RB,Corey Clement,PHI,11,68,0,4,0,5.4,59.1
546,546,64,15261,S. Ware,30.6,246,4.8,2,23,20,224,29.8,24.5,58.8,3.7,41.2,6.4,6.24,7.8,15.7,76.5,2018,RB,Spencer Ware,KC,13,51,0,0,0,4.5,59.0
547,547,43,15126,T. Riddick,31.2,171,rushingyardsperattempt,0,75,61,384,0.0,0,0,0,0,0,0,0,0,0,2018,RB,Theo Riddick,DET,14,40,0,0,0,4.0,55.5
548,548,53,15102,C. Thompson,31.7,178,4.1,0,55,41,268,51.3,34.1,69.8,4.7,30.2,2.8,6.16,7.0,27.9,65.1,2018,RB,Chris Thompson,WAS,10,43,1,1,0,5.1,50.6
549,549,77,17023,Z. Zenner,30.8,265,4.8,3,10,7,56,24.7,35.9,25.5,3.4,74.5,5.3,7.36,34.5,50.9,14.5,2018,RB,Zach Zenner,DET,8,55,0,0,0,6.3,50.1
550,550,56,17970,D. Booker,30.1,183,5.4,1,51,38,275,28.4,17.5,61.8,4.2,38.2,7.3,6.06,0.0,32.4,67.6,2018,RB,Devontae Booker,DEN,16,34,0,1,1,3.1,49.8
551,551,75,12800,B. Powell,33.7,343,4.3,0,18,11,110,47.6,47.6,28.7,4.6,71.2,4.2,6.89,25.0,40.0,35.0,2018,RB,Bilal Powell,NYJ,7,80,1,2,1,7.0,49.3
552,552,78,17969,K. Dixon,28.5,333,5.5,2,7,6,51,34.2,35.4,78.3,4.8,21.7,8.0,6.85,15.0,58.3,26.7,2018,RB,Kenneth Dixon,BAL,6,60,0,2,1,8.1,48.4
553,553,73,20064,J. Jackson,26.2,206,4.1,2,19,15,135,30.1,29.1,34.0,4.6,66.0,3.8,6.72,12.0,48.0,40.0,2018,RB,Justin Jackson,LAC,9,50,0,0,0,5.1,46.1
554,554,74,6198,D. Sproles,39.0,120,4.1,1,23,15,160,36.5,28.3,82.8,4.5,17.2,2.2,6.24,3.4,27.6,69.0,2018,RB,Darren Sproles,PHI,6,29,2,0,0,7.7,46.0
555,555,72,16273,K. Bibbs,29.5,103,4.9,3,23,16,115,28.3,17.1,57.1,6.4,42.9,2.9,6.29,9.5,28.6,61.9,2018,RB,Kapri Bibbs,GB,12,21,1,1,0,3.8,45.8
556,556,60,13299,J. Rodgers,32.4,106,3.2,1,45,38,304,34.0,21.5,48.5,4.5,51.5,2.0,6.58,15.2,33.3,51.5,2018,RB,Jacquizz Rodgers,TB,16,33,0,1,1,2.8,45.0
557,557,76,19979,J. Wilkins,28.0,336,5.6,1,17,16,85,21.9,19.1,36.7,4.3,63.3,6.3,6.78,20.0,38.3,41.7,2018,RB,Jordan Wilkins,IND,16,60,0,2,2,2.8,44.1
558,558,71,19919,C. Edmonds,26.2,208,3.5,2,23,20,103,22.0,19.3,33.3,3.0,66.7,3.7,7.0,26.7,45.0,28.3,2018,RB,Chase Edmonds,ARI,16,60,0,1,0,2.7,43.1
559,559,84,16909,J. Ajayi,29.1,184,4.1,3,6,5,20,44.2,48.1,82.2,3.8,20.0,5.1,6.62,6.7,44.4,51.1,2018,RB,Jay Ajayi,PHI,4,45,0,1,1,9.6,38.4
560,560,69,14901,K. Juszczyk,31.2,30,3.8,0,40,30,324,65.9,10.4,62.5,5.8,37.5,0.3,6.62,37.5,25.0,37.5,2018,RB,Kyle Juszczyk,SF,16,8,1,2,2,2.3,37.4
561,561,79,14917,R. Burkhead,32.0,186,3.3,0,20,14,131,29.3,26.1,7.0,2.8,94.7,3.3,7.23,33.3,45.6,22.8,2018,RB,Rex Burkhead,NE,8,57,1,2,1,4.5,35.7
562,562,89,17053,M. Brown,29.1,212,4.9,0,7,5,52,16.1,17.0,0.0,0,100.0,4.9,7.19,32.6,51.2,16.3,2018,RB,Malcolm Brown,LAR,12,43,1,0,0,2.9,34.4
563,563,88,17217,R. Mostert,30.2,261,7.7,1,7,6,25,23.6,20.9,14.7,8.4,85.3,7.6,6.53,11.8,44.1,44.1,2018,RB,Raheem Mostert,SF,9,34,0,1,1,3.6,32.6
564,564,82,20360,J. Wilson Jr.,26.6,266,4.0,0,15,12,98,52.7,49.1,19.7,5.3,80.3,3.7,7.2,34.8,50.0,15.2,2018,RB,Jeff Wilson Jr.,SF,6,66,0,3,2,5.4,32.4
565,565,80,20040,T. Cannon,28.0,113,3.0,1,25,17,144,24.9,18.3,52.6,2.5,47.4,3.6,6.66,15.8,36.8,47.4,2018,RB,Trenton Cannon,NYJ,16,38,0,0,0,2.0,31.7
566,566,83,14783,J. Develin,34.0,8,1.3,4,18,12,61,35.0,5.0,0.0,0,100.0,1.3,7.0,66.7,16.7,0.0,2018,RB,James Develin,NE,16,6,0,0,0,1.9,30.9
567,567,81,18996,W. Gallman,27.8,176,3.5,1,22,14,89,16.3,17.9,21.6,3.8,78.4,3.4,6.8,17.6,49.0,33.3,2018,RB,Wayne Gallman,NYG,15,51,0,2,1,2.0,30.5
568,568,85,19824,K. Ballage,26.5,191,5.3,1,11,9,56,15.0,15.9,55.6,2.6,44.4,8.6,6.08,5.6,44.4,44.4,2018,RB,Kalen Ballage,MIA,12,36,0,1,1,2.4,28.7
569,569,87,16989,M. Murphy,30.8,250,4.8,0,19,11,26,26.3,22.5,50.0,6.2,50.0,3.4,6.46,13.5,36.5,50.0,2018,RB,Marcus Murphy,BUF,11,52,0,1,0,2.5,27.6
570,570,91,13741,B. Bolden,32.4,91,11.4,2,3,3,13,11.0,8.8,12.5,4.0,87.5,12.4,6.5,0.0,50.0,50.0,2018,RB,Brandon Bolden,MIA,16,8,1,1,1,1.6,26.4
571,571,90,17360,R. Smith,30.5,127,2.9,1,12,9,60,17.0,14.1,22.7,3.3,77.3,2.8,6.89,25.0,38.6,36.4,2018,RB,Rod Smith,DAL,16,44,0,0,0,1.5,24.7
572,572,92,18093,A. Janovich,29.1,5,2.5,0,10,8,112,21.8,3.5,0.0,0,100.0,2.5,8.5,100.0,0.0,0.0,2018,RB,Andy Janovich,DEN,16,2,1,0,0,1.1,17.7
573,573,95,15555,Z. Line,32.2,41,4.6,0,10,5,14,22.3,4.6,0.0,0,100.0,4.6,7.11,44.4,22.2,33.3,2018,RB,Zach Line,NO,16,9,2,0,0,1.1,17.5
574,574,93,13418,A. Sherman,33.6,2,2.0,0,9,8,96,9.2,4.4,0.0,0,100.0,2.0,8.0,100.0,0.0,0.0,2018,RB,Anthony Sherman,KC,16,1,1,0,0,1.0,15.8
575,575,104,18152,D. Washington,28.2,154,5.7,0,0,0,0,17.1,19.6,3.7,4.0,96.3,5.8,6.74,7.4,59.3,33.3,2018,RB,Dwayne Washington,NO,6,27,0,0,0,2.6,15.4
576,576,94,19205,T. Mizzell,28.7,16,1.8,0,10,8,78,13.4,7.8,77.8,2.3,22.2,0.0,6.33,0.0,33.3,66.7,2018,RB,Taquan Mizzell,CHI,9,9,1,0,0,1.7,15.4
577,577,102,19033,B. Hill,26.7,157,7.8,0,2,1,9,17.4,17.3,15.0,2.3,85.0,8.8,7.05,30.0,40.0,30.0,2018,RB,Brian Hill,ATL,9,20,0,1,1,1.6,14.6
578,578,100,16934,C. Artis-Payne,30.0,69,3.6,1,4,3,15,18.1,18.9,36.8,1.7,63.2,4.8,6.74,15.8,42.1,42.1,2018,RB,Cameron Artis-Payne,CAR,9,19,0,0,0,1.6,14.4
579,579,105,19072,A. Armah,28.1,15,1.7,2,1,1,5,15.8,4.4,11.1,1.0,88.9,1.8,8.67,55.6,44.4,0.0,2018,RB,Alex Armah,CAR,16,9,0,0,0,0.9,14.0
580,580,96,19861,R. Jones II,24.9,44,1.9,1,9,7,33,20.8,23.2,39.1,2.3,60.9,1.6,6.17,4.3,17.4,78.3,2018,RB,Ronald Jones II,TB,9,23,0,0,0,1.5,13.7
581,581,101,20500,D. Williams,27.2,44,3.4,0,3,3,27,16.2,19.5,84.6,3.6,15.4,2.0,6.31,0.0,30.8,69.2,2018,RB,Darrel Williams,KC,4,13,1,0,0,3.3,13.1
582,582,106,12774,S. Ridley,33.4,80,2.8,1,4,3,18,10.4,14.0,10.3,3.0,89.7,2.7,7.41,48.3,27.6,24.1,2018,RB,Stevan Ridley,PIT,10,29,0,2,2,1.2,11.8
583,583,98,17197,C. Grant,30.5,40,3.1,0,12,9,67,18.3,16.8,53.8,3.0,46.2,3.2,6.85,23.1,38.5,38.5,2018,RB,Corey Grant,JAX,5,13,0,0,0,2.1,10.7
584,584,112,18061,D. Washington,29.4,115,3.8,0,1,1,9,13.1,13.2,46.7,5.9,53.3,2.1,6.93,23.3,33.3,43.3,2018,RB,DeAndre Washington,LV,10,30,0,1,1,1.0,10.4
585,585,110,19957,J. Kelly,25.8,74,2.7,0,3,2,27,17.7,24.2,3.7,5.0,96.3,2.7,7.48,48.1,48.1,3.7,2018,RB,John Kelly,LAR,4,27,0,0,0,2.5,10.1
586,586,108,20598,K. Ford,28.2,79,3.8,0,5,3,21,50.0,54.2,9.5,8.0,90.5,3.3,6.52,23.8,42.9,28.6,2018,RB,Keith Ford,BUF,2,21,0,0,0,5.0,10.0
587,587,111,16307,C. West,31.1,-1,-0.5,0,3,2,37,21.2,10.0,50.0,-2.0,50.0,1.0,5.5,0.0,0.0,100.0,2018,RB,Charcandrick West,KC,3,2,1,0,0,3.2,9.6
588,588,97,18652,C. Ham,29.0,8,1.3,0,15,11,85,15.4,8.2,0.0,0,100.0,1.3,7.67,66.7,16.7,16.7,2018,RB,C.J. Ham,MIN,15,6,0,0,0,0.6,9.3
589,589,107,16524,D. Freeman,30.3,68,4.9,0,7,5,23,50.4,45.7,7.1,8.0,92.9,4.6,6.64,14.3,35.7,50.0,2018,RB,Devonta Freeman,ATL,2,14,0,0,0,4.6,9.1
590,590,114,18957,D. Foreman,26.2,-1,-0.1,0,2,2,28,52.5,50.0,57.1,0.2,42.9,-0.7,6.71,14.3,71.4,14.3,2018,RB,D'Onta Foreman,HOU,1,7,1,1,0,8.7,8.7
591,591,99,20566,D. Hilliard,27.4,0,0.0,0,10,9,105,9.1,3.6,0.0,0.0,0.0,0.0,0.0,0.0,0.0,0.0,2018,RB,Dontrell Hilliard,CLE,11,0,0,0,0,0.8,8.5
592,592,109,19915,M. Walton,25.3,34,2.4,0,8,5,41,16.4,11.3,57.1,2.5,42.9,2.3,6.5,21.4,7.1,71.4,2018,RB,Mark Walton,CIN,14,14,0,0,0,0.5,7.5
593,593,103,18617,E. Penny,28.9,25,3.6,0,9,8,50,18.7,5.6,14.3,5.0,85.7,3.3,7.57,42.9,57.1,0.0,2018,RB,Elijhaa Penny,NYG,12,7,0,0,0,0.6,7.5
594,594,118,15185,K. Barner,33.2,71,3.7,0,1,1,3,7.4,7.1,15.8,4.0,84.2,3.7,6.95,15.8,57.9,26.3,2018,RB,Kenjon Barner,CAR,9,19,0,1,0,0.8,7.4
595,595,115,14786,P. DiMarco,33.2,9,9.0,0,4,3,62,17.1,3.8,100.0,9.0,0.0,0,6.0,0.0,0.0,100.0,2018,RB,Patrick DiMarco,BUF,16,1,0,0,0,0.4,7.1
596,596,117,20309,D. Newsome,28.3,49,4.5,0,2,2,19,15.8,13.3,45.5,6.4,54.5,2.8,6.27,0.0,36.4,63.6,2018,RB,Detrez Newsome,LAC,9,11,0,0,0,0.8,6.8
597,597,122,20327,R. Thomas,26.8,30,3.8,0,4,2,21,8.4,10.1,62.5,5.8,37.5,0.3,6.88,25.0,37.5,37.5,2018,RB,Roc Thomas,MIN,5,8,0,0,0,1.0,5.1
598,598,123,20159,M. Boone,27.0,47,4.3,0,3,2,1,8.1,10.2,54.5,3.7,45.5,5.0,6.64,9.1,54.5,36.4,2018,RB,Mike Boone,MIN,8,11,0,0,0,0.6,4.8
599,599,119,16534,R. Nix,30.3,4,4.0,0,6,4,38,8.7,3.6,100.0,4.0,0.0,0,7.0,0.0,100.0,0.0,2018,RB,Roosevelt Nix,PIT,16,1,0,0,0,0.3,4.2
600,600,116,14891,T. Bohanon,31.8,0,0.0,0,9,6,41,17.3,3.8,0.0,0,100.0,0.0,9.0,100.0,0.0,0.0,2018,RB,Tommy Bohanon,JAX,16,1,0,0,0,0.3,4.1
601,601,113,19032,T. Logan,27.8,2,1.0,0,7,7,37,3.8,5.1,50.0,5.0,50.0,-3.0,6.5,0.0,50.0,50.0,2018,RB,T.J. Logan,ARI,10,2,0,0,0,0.4,3.9
602,602,120,18256,B. Marshall,28.4,9,3.0,0,6,4,30,14.5,7.1,66.7,2.5,33.3,4.0,6.33,0.0,33.3,66.7,2018,RB,Byron Marshall,WAS,6,3,0,0,0,0.6,3.9
603,603,127,18339,T. Madden,28.9,3,1.0,0,3,2,35,10.9,3.6,0.0,0,100.0,1.3,9.0,100.0,0.0,0.0,2018,RB,Tre Madden,SEA,14,3,0,0,0,0.3,3.8
604,604,124,18993,S. Perine,26.8,32,4.0,0,4,3,5,13.5,12.4,62.5,4.2,37.5,3.7,5.62,0.0,37.5,62.5,2018,RB,Samaje Perine,WAS,5,8,0,0,0,0.7,3.7
605,605,137,20016,D. Williams,28.1,36,4.5,0,0,0,0,10.6,12.5,50.0,4.2,50.0,4.8,6.75,25.0,25.0,50.0,2018,RB,David Williams,JAX,3,8,0,0,0,1.2,3.6
606,606,125,18041,T. Ervin,28.7,0,0.0,0,4,3,35,13.4,1.6,0.0,0.0,0.0,0.0,0.0,0.0,0.0,0.0,2018,RB,Tyler Ervin,HOU,9,0,0,1,0,0.4,3.5
607,607,126,20472,S. Wilson,26.6,29,4.8,0,5,3,5,6.4,9.5,83.3,5.4,16.7,2.0,6.33,16.7,16.7,66.7,2018,RB,Shaun Wilson,TB,5,6,0,0,0,0.7,3.4
608,608,130,14872,M. Gillislee,31.7,43,2.7,0,1,1,9,9.7,12.9,0.0,0,100.0,2.7,7.44,43.8,43.8,12.5,2018,RB,Mike Gillislee,NO,4,16,0,1,1,0.8,3.2
609,609,131,16112,J. Hill,29.7,25,6.2,0,1,1,6,15.7,11.4,0.0,0,100.0,6.2,7.25,25.0,75.0,0.0,2018,RB,Jeremy Hill,NE,1,4,0,0,0,3.1,3.1
610,610,135,15207,B. Cunningham,32.0,20,1.8,0,2,1,9,4.8,4.9,36.4,2.8,54.5,1.7,6.64,27.3,45.5,18.2,2018,RB,Benjamin Cunningham,CHI,15,11,0,0,0,0.2,2.9
611,611,141,16867,J. Langford,30.6,25,2.8,0,0,0,0,18.7,33.3,22.2,1.5,77.8,3.1,7.11,22.2,66.7,11.1,2018,RB,Jeremy Langford,ATL,1,9,0,0,0,2.5,2.5
612,612,140,14352,T. Cadet,33.4,17,1.5,0,1,1,5,26.9,32.4,27.3,2.0,72.7,1.4,5.91,18.2,18.2,54.5,2018,RB,Travaris Cadet,CAR,1,11,0,0,0,2.2,2.2
613,613,133,20562,D. Turner,26.9,4,4.0,0,2,2,17,5.2,5.1,0.0,0,100.0,4.0,8.0,100.0,0.0,0.0,2018,RB,De'Lance Turner,BAL,4,1,0,0,0,0.5,2.1
614,614,134,15631,D. Coleman,31.7,3,1.5,0,3,2,17,10.2,4.0,0.0,0,100.0,1.5,8.5,100.0,0.0,0.0,2018,RB,Derrick Coleman,ARI,16,2,0,0,0,0.1,2.0
615,615,129,17965,C. Prosise,28.1,-3,-3.0,0,3,3,22,16.9,7.1,100.0,-3.0,0.0,0,7.0,0.0,100.0,0.0,2018,RB,C.J. Prosise,SEA,5,1,0,0,0,0.4,1.9
616,616,143,19529,J. Davis,26.7,19,9.5,0,0,0,0,2.5,2.4,0.0,0,100.0,9.5,5.0,0.0,50.0,50.0,2018,RB,Justin Davis,LAR,11,2,0,0,0,0.2,1.9
617,617,144,5451,J. Stewart,35.3,17,2.8,0,0,0,0,7.9,6.6,66.7,2.2,33.3,4.0,6.67,16.7,33.3,50.0,2018,RB,Jonathan Stewart,NYG,3,6,0,0,0,0.6,1.7
618,618,145,15966,D. Fluellen,30.4,16,4.0,0,0,0,0,4.8,5.7,25.0,2.0,75.0,4.7,6.75,25.0,25.0,50.0,2018,RB,David Fluellen,TEN,7,4,0,0,0,0.2,1.6
619,619,128,12787,N. Bellore,33.2,0,0.0,0,4,4,15,13.3,3.4,0.0,0,100.0,0.0,6.0,0.0,0.0,100.0,2018,RB,Nick Bellore,DET,14,1,0,0,0,0.1,1.5
620,620,147,18349,B. Wilds,29.0,15,2.5,0,0,0,0,4.0,7.7,50.0,3.0,50.0,2.0,7.33,50.0,33.3,16.7,2018,RB,Brandon Wilds,JAX,3,6,0,0,0,0.5,1.5
621,621,138,7969,J. Charles,35.5,7,1.2,0,3,2,7,17.6,20.9,50.0,2.0,50.0,0.3,6.5,0.0,50.0,50.0,2018,RB,Jamaal Charles,JAX,2,6,0,0,0,0.7,1.4
622,622,139,14789,J. Olawale,33.2,0,0.0,0,4,2,13,11.0,2.7,0.0,0.0,0.0,0.0,0.0,0.0,0.0,0.0,2018,RB,Jamize Olawale,DAL,16,0,0,0,0,0.1,1.3
623,623,142,18115,D. Watt,29.7,11,2.8,0,1,1,2,20.2,3.9,0.0,0,100.0,2.8,7.5,50.0,50.0,0.0,2018,RB,Derek Watt,LAC,16,4,0,0,0,0.1,1.3
624,624,132,19206,R. Ortiz,28.2,0,0.0,0,4,3,11,25.3,5.8,0.0,0.0,0.0,0.0,0.0,0.0,0.0,0.0,2018,RB,Ricky Ortiz,ATL,12,0,0,0,0,0.1,1.1
625,625,150,15256,C. Michael,31.7,9,4.5,0,0,0,0,2.7,6.1,50.0,8.0,50.0,1.0,8.5,100.0,0.0,0.0,2018,RB,Christine Michael,IND,1,2,0,0,0,0.9,0.9
626,626,136,16815,A. Abdullah,29.1,1,1.0,0,4,3,28,2.9,2.1,0.0,0,100.0,1.0,8.0,100.0,0.0,0.0,2018,RB,Ameer Abdullah,MIN,10,1,0,1,1,0.1,0.9
627,627,151,18451,R. Kelley,29.8,8,2.0,0,0,0,0,6.4,5.2,25.0,0.0,75.0,2.7,7.25,50.0,25.0,25.0,2018,RB,Rob Kelley,WAS,2,4,0,0,0,0.4,0.8
628,628,152,18464,J. McKissic,28.9,8,rushingyardsperattempt,0,1,0,0,0.0,0,0,0,0,0,0,0,0,0,2018,RB,J.D. McKissic,SEA,5,3,0,0,0,0.2,0.8
629,629,146,16928,M. Burton,30.4,0,0.0,0,1,1,6,1.6,3.3,0.0,0.0,0.0,0.0,0.0,0.0,0.0,0.0,2018,RB,Michael Burton,CHI,8,0,0,0,0,0.1,0.6
630,630,153,19065,J. McNichols,26.5,4,2.0,0,0,0,0,2.5,7.7,50.0,-3.0,50.0,7.0,7.5,50.0,50.0,0.0,2018,RB,Jeremy McNichols,IND,1,2,0,0,0,0.4,0.4
631,631,148,18114,D. Vitale,28.7,0,0.0,0,2,1,2,6.7,7.7,0.0,0.0,0.0,0.0,0.0,0.0,0.0,0.0,2018,RB,Danny Vitale,GB,5,0,0,0,0,0.0,0.2
632,632,149,18073,J. Williams,28.4,0,0.0,0,1,1,1,7.8,4.1,0.0,0,100.0,0.0,7.33,33.3,33.3,33.3,2018,RB,Jonathan Williams,IND,3,3,0,0,0,0.0,0.1
633,633,155,13063,T. Jones,33.9,0,0.0,0,2,0,0,1.8,2.2,0.0,0.0,0.0,0.0,0.0,0.0,0.0,0.0,2018,RB,Taiwan Jones,BUF,6,0,0,0,0,0.0,0.0
634,634,156,16441,S. Perry,30.8,0,0.0,0,0,0,0,0.0,0.0,0.0,0.0,0.0,0.0,0.0,0.0,0.0,0.0,2018,RB,Senorise Perry,MIA,16,0,0,0,0,0.0,0.0
635,635,158,19626,D. Ogunbowale,28.2,0,0.0,0,0,0,0,0.0,0.0,0.0,0.0,0.0,0.0,0.0,0.0,0.0,0.0,2018,RB,Dare Ogunbowale,TB,2,0,0,0,0,0.0,0.0
636,636,157,19078,M. Dayes,27.8,0,0.0,0,0,0,0,0.0,0.0,0.0,0.0,0.0,0.0,0.0,0.0,0.0,0.0,2018,RB,Matt Dayes,SF,6,0,0,0,0,0.0,0.0
637,637,159,20039,B. Scott,27.2,0,0.0,0,0,0,0,0.0,0.0,0.0,0.0,0.0,0.0,0.0,0.0,0.0,0.0,2018,RB,Boston Scott,PHI,1,0,0,0,0,0.0,0.0
638,638,160,19085,D. Henderson,29.6,19,9.5,0,0,0,0,3.9,8.0,0.0,0,100.0,9.5,6.5,0.0,50.0,50.0,2018,RB,De'Angelo Henderson,NYJ,1,2,0,1,1,-0.1,-0.1
639,639,154,14533,R. Turbin,32.6,10,2.5,0,2,1,3,13.7,10.3,75.0,3.7,25.0,-1.0,6.5,25.0,0.0,75.0,2018,RB,Robert Turbin,IND,2,4,0,1,1,-0.4,-0.7
