,index,rank,playerplayerid,playershortname,receptions,receivingyards,snapshare,averagetargetdistance,airyards,airyardspergame,airyardsperreception,redzonetargets,endzonetargets,targetaccuracy,targetshare,fantasypointspertarget,year,position,name,team,played,receivingtargets,receptionpercentage,receivingtouchdowns,receivinglong,receivingyardspertarget,receivingyardsperreception,rushingattempts,rushingyards,rushingyardsperattempt,rushingtouchdowns,fumbles,fumbleslost,fantasypointspergame,fantasypoints
0,0,1,18882,C. Kupp,145,1947,94.01,8.32,1590.0,93.52,11.0,38,11,7.76,31.72,2.3,2021,WR,Cooper Kupp,LAR,17,191,75.9,16,59,10.2,13.4,4,18,4.5,0,0,0,17.3,294.5
1,1,3,20932,D. Samuel,77,1405,81.44,8.09,971.0,60.68,12.6,10,6,7.14,27.77,2.82,2021,WR,Deebo Samuel,SF,16,121,63.6,6,83,11.6,18.2,59,365,6.2,8,4,2,16.4,261.96
2,2,5,22564,J. Chase,81,1455,86.11,11.96,1532.0,90.11,18.9,12,12,7.3,23.7,2.38,2021,WR,Ja'Marr Chase,CIN,17,128,63.3,13,82,11.4,18.0,7,21,3.0,0,2,1,13.2,223.6
3,3,4,21685,J. Jefferson,108,1616,89.01,11.95,1996.0,117.41,18.5,23,15,7.41,29.87,1.98,2021,WR,Justin Jefferson,MIN,17,167,64.7,10,56,9.7,15.0,6,14,2.3,0,1,1,13.1,222.4
4,4,2,16470,D. Adams,123,1553,80.33,8.99,1520.0,95.0,12.4,28,11,7.33,31.58,2.04,2021,WR,Davante Adams,GB,16,169,72.8,11,59,9.2,12.6,0,0,0.0,0,0,0,13.8,221.3
5,5,9,16597,M. Evans,74,1035,83.05,12.86,1454.0,90.87,19.6,19,13,6.96,16.42,2.32,2021,WR,Mike Evans,TB,16,114,64.9,14,46,9.1,14.0,1,10,10.0,0,0,0,11.8,188.5
6,6,6,18082,T. Hill,111,1239,73.23,10.74,1709.0,100.52,15.4,24,11,7.79,25.07,1.86,2021,WR,Tyreek Hill,KC,17,159,69.8,9,75,7.8,11.2,9,96,10.7,0,2,1,10.9,185.5
7,7,7,16906,S. Diggs,103,1225,82.74,11.14,1828.0,107.52,17.7,34,23,7.33,26.36,1.74,2021,WR,Stefon Diggs,BUF,17,165,62.4,10,61,7.4,11.9,0,0,0.0,0,1,0,10.7,182.5
8,8,12,18914,M. Williams,76,1146,81.05,10.66,1376.0,86.0,18.1,23,13,7.01,20.77,1.91,2021,WR,Mike Williams,LAC,16,129,58.9,9,72,8.9,15.1,0,0,0.0,0,0,0,10.7,170.6
9,9,14,20875,D. Metcalf,75,967,83.42,12.44,1605.0,94.41,21.4,19,11,7.32,27.27,1.89,2021,WR,DK Metcalf,SEA,17,129,58.1,12,84,7.5,12.9,1,6,6.0,0,1,0,10.0,169.3
10,10,16,16830,T. Lockett,73,1175,87.88,13.63,1459.0,91.18,20.0,7,6,7.28,24.04,2.26,2021,WR,Tyler Lockett,SEA,16,107,68.2,8,69,11.0,16.1,2,9,4.5,0,0,0,10.5,168.4
11,11,8,21077,D. Johnson,107,1161,91.01,8.22,1390.0,86.87,13.0,23,7,7.63,28.49,1.62,2021,WR,Diontae Johnson,PIT,16,169,63.3,8,50,6.9,10.9,5,53,10.6,0,2,2,10.5,167.4
12,12,10,20924,H. Renfrow,103,1038,66.05,6.64,851.0,50.05,8.3,24,11,8.33,21.69,2.02,2021,WR,Hunter Renfrow,LV,17,128,80.5,9,54,8.1,10.1,3,3,1.0,0,5,1,9.2,156.1
13,13,19,21679,C. Lamb,79,1102,77.29,9.35,1123.0,70.18,14.2,11,6,7.29,20.37,1.94,2021,WR,CeeDee Lamb,DAL,16,120,65.8,6,49,9.2,13.9,9,76,8.4,0,0,0,9.6,153.8
14,14,11,15076,K. Allen,106,1138,88.14,8.94,1404.0,87.75,13.2,25,8,7.53,25.12,1.64,2021,WR,Keenan Allen,LAC,16,157,67.5,6,42,7.2,10.7,0,0,0.0,0,1,0,9.5,151.8
15,15,17,21744,M. Pittman Jr.,88,1082,87.74,8.75,1129.0,66.41,12.8,17,8,7.2,25.69,1.85,2021,WR,Michael Pittman Jr.,IND,17,129,68.2,6,57,8.4,12.3,5,44,8.8,0,1,0,8.9,150.6
16,16,24,21690,T. Higgins,74,1091,78.97,11.81,1300.0,92.85,17.6,13,10,7.56,23.86,1.99,2021,WR,Tee Higgins,CIN,14,110,67.3,6,54,9.9,14.7,0,0,0.0,0,1,1,10.4,145.1
17,17,18,19844,D. Moore,93,1157,87.23,10.07,1632.0,96.0,17.5,13,8,6.55,28.37,1.47,2021,WR,DJ Moore,CAR,17,163,57.1,4,64,7.1,12.4,8,48,6.0,0,1,1,8.5,144.5
18,18,15,18880,C. Godwin,98,1103,86.21,7.01,898.0,64.14,9.2,26,8,7.85,21.29,1.89,2021,WR,Chris Godwin,TB,14,128,76.6,5,44,8.6,11.3,4,21,5.2,1,2,2,10.3,144.4
19,19,20,16568,B. Cooks,90,1037,83.96,10.73,1428.0,89.25,15.9,9,5,7.18,26.92,1.74,2021,WR,Brandin Cooks,HOU,16,134,67.2,6,52,7.7,11.5,2,21,10.5,0,0,0,8.9,141.8
20,20,13,22598,J. Waddle,104,1015,84.22,6.3,895.0,55.93,8.6,15,3,8.02,24.78,1.73,2021,WR,Jaylen Waddle,MIA,16,141,73.8,6,57,7.2,9.8,2,3,1.5,1,2,1,8.9,141.8
21,21,23,21961,D. Mooney,81,1055,87.77,10.56,1479.0,87.0,18.3,11,8,6.64,26.71,1.57,2021,WR,Darnell Mooney,CHI,17,140,57.9,4,64,7.5,13.0,6,32,5.3,1,0,0,8.2,138.7
22,22,21,22587,A. St. Brown,90,912,74.52,6.77,806.0,47.41,9.0,14,4,7.5,21.44,1.91,2021,WR,Amon-Ra St. Brown,DET,17,119,75.6,5,37,7.7,10.1,7,61,8.7,1,0,0,8.1,137.3
23,23,25,20873,T. McLaurin,77,1053,90.08,12.64,1656.0,97.41,21.5,9,10,6.81,24.53,1.63,2021,WR,Terry McLaurin,WAS,17,130,59.2,5,46,8.1,13.7,1,12,12.0,0,0,0,8.0,136.5
24,24,22,21045,M. Brown,91,1008,80.07,10.46,1518.0,94.87,16.7,16,11,7.03,26.7,1.56,2021,WR,Marquise Brown,BAL,16,145,62.8,6,49,7.0,11.1,1,5,5.0,0,3,1,8.5,135.3
25,25,27,16765,A. Cooper,68,865,77.93,11.5,1185.0,79.0,17.4,19,9,7.33,18.83,1.97,2021,WR,Amari Cooper,DAL,15,103,66.0,8,41,8.4,12.7,0,0,0.0,0,1,0,9.0,134.5
26,26,28,15534,A. Thielen,67,726,84.29,9.9,941.0,72.38,14.0,15,8,7.23,20.97,2.1,2021,WR,Adam Thielen,MIN,13,95,70.5,10,35,7.6,10.8,1,2,2.0,0,1,0,10.2,132.8
27,27,26,19815,C. Kirk,77,982,73.6,11.24,1158.0,68.11,15.0,10,8,7.79,18.07,2.02,2021,WR,Christian Kirk,ARI,17,103,74.8,5,50,9.5,12.8,1,11,11.0,0,0,0,7.7,130.62
28,28,33,19318,K. Bourne,55,800,52.81,8.35,585.0,34.41,10.6,7,3,7.89,13.53,2.58,2021,WR,Kendrick Bourne,NE,17,70,78.6,5,75,11.4,14.5,12,125,10.4,0,1,1,7.4,125.5
29,29,30,21687,D. Smith,64,916,82.83,14.43,1487.0,87.47,23.2,8,11,7.03,22.1,1.8,2021,WR,DeVonta Smith,PHI,17,104,61.5,5,46,8.8,14.3,0,0,0.0,0,1,1,7.2,121.6
30,30,36,21739,V. Jefferson,50,802,81.08,13.28,1182.0,69.52,23.6,16,9,7.02,14.78,1.89,2021,WR,Van Jefferson,LAR,17,89,56.2,6,79,9.0,16.0,2,20,10.0,0,0,0,7.0,118.2
31,31,32,21042,A. Brown,63,869,70.04,10.95,1150.0,88.46,18.3,10,9,7.5,26.99,1.72,2021,WR,A.J. Brown,TEN,13,105,60.0,5,57,8.3,13.8,2,10,5.0,0,0,0,9.1,117.9
32,32,31,17986,T. Boyd,67,828,78.14,7.34,690.0,43.12,10.3,7,4,7.42,18.39,1.96,2021,WR,Tyler Boyd,CIN,16,94,71.3,5,68,8.8,12.4,2,22,11.0,0,1,0,7.3,116.84
33,33,35,21747,B. Aiyuk,56,826,83.57,9.48,806.0,47.41,14.4,10,10,7.41,18.51,2.0,2021,WR,Brandon Aiyuk,SF,17,84,66.7,5,43,9.8,14.8,5,17,3.4,0,2,1,6.7,114.3
34,34,40,21714,K. Osborn,50,655,67.59,10.52,863.0,50.76,17.3,8,5,6.4,14.66,1.93,2021,WR,K.J. Osborn,MIN,17,82,61.0,7,64,8.0,13.1,1,10,10.0,0,0,0,6.4,108.5
35,35,37,21752,C. Claypool,59,860,80.22,11.45,1203.0,80.2,20.4,13,8,7.07,18.65,1.59,2021,WR,Chase Claypool,PIT,15,105,56.2,2,59,8.2,14.6,14,96,6.9,0,0,0,7.2,107.6
36,36,34,13870,M. Jones Jr.,73,832,90.2,11.47,1354.0,79.64,18.5,16,13,7.24,20.27,1.53,2021,WR,Marvin Jones Jr.,JAX,17,120,60.8,4,33,6.9,11.4,0,0,0.0,0,0,0,6.3,107.2
37,37,43,21750,M. Callaway,46,698,69.79,12.6,1059.0,62.29,23.0,9,8,6.87,17.87,1.81,2021,WR,Marquez Callaway,NO,17,84,54.8,6,58,8.3,15.2,0,0,0.0,0,0,0,6.2,105.8
38,38,46,14986,D. Hopkins,42,572,83.85,12.36,779.0,77.9,18.5,15,10,7.26,20.45,2.34,2021,WR,DeAndre Hopkins,ARI,10,64,65.6,8,55,8.9,13.6,0,0,0.0,0,0,0,10.5,105.2
39,39,42,19207,T. Patrick,53,734,82.35,11.8,1003.0,62.68,18.9,11,8,7.2,17.31,1.84,2021,WR,Tim Patrick,DEN,16,85,62.4,5,44,8.6,13.8,0,0,0.0,0,0,0,6.5,103.4
40,40,29,20876,J. Meyers,83,867,82.65,9.61,1211.0,71.23,14.6,13,4,7.18,24.37,1.48,2021,WR,Jakobi Meyers,NE,17,126,65.9,2,39,6.9,10.4,1,9,9.0,0,1,1,6.1,103.3
41,41,45,20013,C. Wilson Jr.,45,602,45.63,9.47,578.0,36.12,12.8,9,2,8.27,10.23,2.42,2021,WR,Cedrick Wilson Jr.,DAL,16,61,73.8,6,73,9.9,13.4,2,11,5.5,0,3,0,6.4,102.82
42,42,41,12845,A. Green,54,848,80.22,12.58,1158.0,72.37,21.4,16,11,6.92,16.91,1.7,2021,WR,A.J. Green,ARI,16,92,58.7,3,42,9.2,15.7,0,0,0.0,0,0,0,6.4,102.8
43,43,47,20145,A. Lazard,40,513,72.78,11.0,660.0,44.0,16.5,16,11,7.5,11.9,2.38,2021,WR,Allen Lazard,GB,15,60,66.7,8,42,8.6,12.8,3,32,10.7,0,0,0,6.8,102.5
44,44,38,20006,R. Gage,66,770,72.22,9.17,853.0,60.92,12.9,14,6,7.68,22.03,1.75,2021,WR,Russell Gage,ATL,14,94,70.2,4,49,8.2,11.7,0,0,0.0,0,2,2,6.9,97.0
45,45,50,22592,E. Moore,43,538,68.1,10.79,831.0,75.54,19.3,8,3,6.78,18.59,1.79,2021,WR,Elijah Moore,NYJ,11,77,55.8,5,62,7.0,12.5,5,54,10.8,1,0,0,8.7,95.2
46,46,44,19800,C. Sutton,58,776,85.46,15.65,1534.0,90.23,26.4,11,4,7.21,18.91,1.53,2021,WR,Courtland Sutton,DEN,17,98,59.2,2,55,7.9,13.4,0,0,0.0,0,0,0,5.4,92.24
47,47,51,14871,R. Woods,45,556,93.65,8.13,561.0,62.33,12.5,16,5,7.31,21.49,1.99,2021,WR,Robert Woods,LAR,9,69,65.2,4,28,8.1,12.4,8,46,5.8,1,0,0,10.2,92.2
48,48,58,21735,G. Davis,35,549,49.29,13.39,844.0,52.75,24.1,17,11,6.46,10.88,2.0,2021,WR,Gabriel Davis,BUF,16,63,55.6,6,49,8.7,15.7,0,0,0.0,0,0,0,5.7,90.9
49,49,54,11063,E. Sanders,42,626,77.39,15.62,1125.0,80.35,26.8,10,11,7.15,13.76,1.83,2021,WR,Emmanuel Sanders,BUF,14,72,58.3,4,41,8.7,14.9,2,31,15.5,0,0,0,6.4,89.7
50,50,49,18187,R. Anderson,53,519,85.06,9.74,1072.0,63.05,20.2,8,6,6.15,19.26,1.26,2021,WR,Robby Anderson,CAR,17,110,48.2,5,57,4.7,9.8,3,36,12.0,0,0,0,5.0,85.5
51,51,55,16389,O. Beckham Jr.,44,537,72.73,11.45,939.0,67.07,21.3,12,7,6.89,17.74,1.57,2021,WR,Odell Beckham Jr.,LAR,14,82,53.7,5,54,6.5,12.2,2,14,7.0,0,0,0,6.1,85.1
52,52,57,20150,B. Pringle,42,568,47.79,11.1,666.0,39.17,15.9,6,4,7.79,9.46,2.11,2021,WR,Byron Pringle,KC,17,60,70.0,5,40,9.5,13.5,0,0,0.0,0,2,1,5.0,84.8
53,53,53,18422,K. Raymond,48,576,70.83,9.53,677.0,42.31,14.1,5,0,7.25,13.65,1.86,2021,WR,Kalif Raymond,DET,16,71,67.6,4,75,8.1,12.0,4,28,7.0,0,0,0,5.3,84.4
54,54,48,20788,M. Hardman,59,693,53.53,7.51,624.0,36.7,10.6,16,3,8.19,13.09,1.7,2021,WR,Mecole Hardman,KC,17,83,71.1,2,53,8.3,11.7,8,46,5.8,0,3,2,4.8,81.9
55,55,52,16020,J. Landry,52,570,69.61,5.23,445.0,37.08,8.6,10,3,6.38,24.7,1.56,2021,WR,Jarvis Landry,CLE,12,87,59.8,2,38,6.6,11.0,6,40,6.7,2,3,2,6.8,81.0
56,56,59,11056,A. Brown,42,545,55.81,10.64,660.0,94.28,15.7,3,4,7.7,21.6,1.95,2021,WR,Antonio Brown,TB,7,62,67.7,4,62,8.8,13.0,1,6,6.0,0,0,0,11.3,79.1
57,57,39,14141,C. Beasley,82,693,61.31,5.41,606.0,37.87,7.4,13,2,7.74,19.34,1.42,2021,WR,Cole Beasley,BUF,16,112,73.2,1,29,6.2,8.5,0,0,0.0,0,1,0,4.8,77.3
58,58,62,21163,D. Harty,36,570,29.23,7.69,454.0,34.92,12.6,5,0,5.38,15.77,1.92,2021,WR,Deonte Harty,NO,13,59,61.0,3,72,9.7,15.8,5,41,8.2,0,2,1,5.9,77.1
59,59,64,21754,D. Peoples-Jones,34,597,77.1,14.68,852.0,60.85,25.1,4,3,7.11,14.42,1.89,2021,WR,Donovan Peoples-Jones,CLE,14,58,58.6,3,60,10.3,17.6,0,0,0.0,0,2,1,5.4,75.7
60,60,65,21736,B. Edwards,34,571,75.29,14.6,847.0,52.93,24.9,7,8,7.45,10.26,1.88,2021,WR,Bryan Edwards,LV,16,59,57.6,3,51,9.7,16.8,1,0,0.0,0,1,0,4.7,75.1
61,61,61,21957,Q. Watkins,43,647,70.28,11.16,692.0,40.7,16.1,7,3,7.37,13.3,1.87,2021,WR,Quez Watkins,PHI,17,62,69.4,1,91,10.4,15.0,1,3,3.0,0,0,0,4.3,73.0
62,62,69,18879,C. Davis,34,492,80.11,12.69,749.0,83.22,22.0,5,3,7.62,18.2,1.78,2021,WR,Corey Davis,NYJ,9,59,57.6,4,53,8.3,14.5,0,0,0.0,0,2,1,7.9,71.2
63,63,67,21734,N. Westbrook-Ikhine,38,476,58.96,10.69,599.0,37.43,15.8,11,2,7.5,11.22,1.92,2021,WR,Nick Westbrook-Ikhine,TEN,16,57,66.7,4,46,8.4,12.5,0,0,0.0,0,1,1,4.4,69.6
64,64,60,20038,B. Berrios,46,431,37.82,4.61,300.0,18.75,6.5,8,2,7.3,11.6,1.86,2021,WR,Braxton Berrios,NYJ,16,65,70.8,2,46,6.6,9.4,7,40,5.7,2,1,1,4.3,69.1
65,65,72,16781,N. Agholor,37,473,74.02,13.31,839.0,55.93,22.7,7,3,6.74,13.84,1.64,2021,WR,Nelson Agholor,NE,15,64,57.8,3,44,7.4,12.8,3,11,3.7,0,0,0,4.4,66.4
66,66,56,21697,L. Shenault Jr.,63,619,69.34,5.39,534.0,33.37,8.5,10,4,7.27,18.09,1.28,2021,WR,Laviska Shenault Jr.,JAX,16,99,63.6,0,58,6.3,9.8,11,41,3.7,0,1,1,4.0,64.0
67,67,70,16775,D. Parker,40,515,78.89,10.89,795.0,79.5,19.9,6,7,7.63,21.85,1.42,2021,WR,DeVante Parker,MIA,10,73,54.8,2,42,7.1,12.9,0,0,0.0,0,0,0,6.4,63.5
68,68,74,22613,J. Palmer,33,353,38.98,8.67,425.0,25.0,12.9,8,4,7.19,7.48,1.9,2021,WR,Joshua Palmer,LAC,17,49,67.3,4,36,7.2,10.7,1,6,6.0,0,0,0,3.5,59.9
69,69,68,18926,Z. Jones,47,546,55.01,13.08,916.0,53.88,19.5,5,7,7.42,11.86,1.51,2021,WR,Zay Jones,LV,17,70,67.1,1,43,7.8,11.6,2,3,1.5,0,1,1,3.5,58.9
70,70,63,16866,J. Crowder,51,447,68.39,6.26,451.0,37.58,8.8,12,2,8.22,16.86,1.52,2021,WR,Jamison Crowder,NYJ,12,71,71.8,2,29,6.3,8.8,0,0,0.0,0,1,1,4.9,58.7
71,71,71,22623,R. Bateman,46,515,68.99,7.97,534.0,44.5,11.6,5,2,7.42,15.83,1.54,2021,WR,Rashod Bateman,BAL,12,67,68.7,1,36,7.7,11.2,0,0,0.0,0,0,0,4.8,57.5
72,72,75,19867,M. Gallup,35,445,76.73,11.17,693.0,77.0,19.8,8,7,7.37,16.62,1.48,2021,WR,Michael Gallup,DAL,9,62,56.5,2,41,7.2,12.7,0,0,0.0,0,0,0,6.3,56.5
73,73,73,19172,Z. Pascal,38,384,80.3,8.59,593.0,37.06,15.6,13,5,7.1,14.55,1.37,2021,WR,Zach Pascal,IND,16,69,55.1,3,41,5.6,10.1,2,21,10.5,0,1,1,3.5,56.5
74,74,77,19897,T. Smith,32,377,67.98,9.68,484.0,44.0,15.1,8,7,7.7,15.01,1.75,2021,WR,Tre'Quan Smith,NO,11,50,64.0,3,34,7.5,11.8,0,0,0.0,0,1,0,5.1,55.7
75,75,66,22626,R. Moore,54,435,47.49,3.26,212.0,15.14,3.9,8,1,7.88,14.28,1.68,2021,WR,Rondale Moore,ARI,14,65,83.1,1,77,6.7,8.1,18,76,4.2,0,3,1,3.9,55.1
76,76,76,18977,K. Golladay,37,521,75.05,13.28,983.0,70.21,26.6,9,7,6.21,16.59,1.2,2021,WR,Kenny Golladay,NYG,14,76,48.7,0,36,6.9,14.1,0,0,0.0,0,0,0,3.7,52.1
77,77,80,21756,N. Collins,33,446,61.92,10.7,653.0,46.64,19.8,6,5,6.55,13.55,1.37,2021,WR,Nico Collins,HOU,14,61,54.1,1,32,7.3,13.5,0,0,0.0,0,0,0,3.6,50.6
78,78,81,21721,D. Duvernay,33,272,51.17,6.21,292.0,18.25,8.8,8,4,7.55,8.68,1.77,2021,WR,Devin Duvernay,BAL,16,47,70.2,2,21,5.8,8.2,7,50,7.1,1,1,0,3.1,50.2
79,79,82,17914,L. Treadwell,33,434,66.14,11.84,604.0,50.33,18.3,6,4,7.5,12.91,1.62,2021,WR,Laquon Treadwell,JAX,12,51,64.7,1,41,8.5,13.2,0,0,0.0,0,0,0,4.1,49.4
80,80,78,16263,A. Robinson II,38,410,81.65,10.21,674.0,56.16,17.7,6,5,6.36,19.24,1.32,2021,WR,Allen Robinson II,CHI,12,66,57.6,1,39,6.2,10.8,0,0,0.0,0,0,0,4.1,49.0
81,81,79,21692,J. Jeudy,38,467,64.45,10.46,586.0,58.6,15.4,3,0,7.05,19.92,1.52,2021,WR,Jerry Jeudy,DEN,10,56,67.9,0,40,8.3,12.3,2,3,1.5,0,1,0,4.7,47.0
82,82,85,21686,J. Reagor,33,299,66.79,8.85,505.0,29.7,15.3,5,2,7.23,12.23,1.37,2021,WR,Jalen Reagor,PHI,17,57,57.9,2,34,5.2,9.1,10,32,3.2,0,2,0,2.7,45.1
83,83,83,22614,K. Toney,39,420,47.98,6.28,358.0,35.8,9.2,5,1,7.01,16.23,1.44,2021,WR,Kadarius Toney,NYG,10,57,68.4,0,38,7.4,10.8,3,6,2.0,0,0,0,4.3,43.36
84,84,86,17961,S. Shepard,36,366,73.87,6.13,325.0,46.42,9.0,9,1,6.27,21.03,1.47,2021,WR,Sterling Shepard,NYG,7,53,67.9,1,37,6.9,10.2,1,-9,-9.0,0,0,0,6.0,41.7
85,85,84,17290,A. Humphries,41,383,58.66,6.61,410.0,24.11,10.0,5,2,6.89,11.61,1.28,2021,WR,Adam Humphries,WAS,17,62,66.1,0,27,6.2,9.3,0,0,0.0,0,0,0,2.3,38.3
86,86,87,21675,T. Johnson,36,360,51.5,7.92,436.0,25.64,12.1,9,4,7.0,7.67,1.31,2021,WR,Tyler Johnson,TB,17,55,65.5,0,31,6.5,10.0,0,0,0.0,0,0,0,2.1,36.0
87,87,88,19961,R. McCloud,39,277,47.64,5.81,384.0,24.0,9.8,10,2,5.87,10.8,1.0,2021,WR,Ray-Ray McCloud,PIT,16,66,59.1,0,24,4.2,7.1,2,15,7.5,0,4,1,1.7,27.2
88,88,1,16470,D. Adams,115,1374,85.1,8.83,1308.0,93.42,11.4,27,11,487.0,33.86,2.42,2020,WR,Davante Adams,GB,14,148,77.7,18,56,9.3,11.9,0,0,0.0,0,1,1,17.4,243.4
89,89,2,18082,T. Hill,87,1276,84.92,12.93,1746.0,116.4,20.1,19,13,382.0,23.39,2.44,2020,WR,Tyreek Hill,KC,15,135,64.4,15,75,9.5,14.7,13,123,9.5,2,1,0,16.1,241.9
90,90,3,16906,S. Diggs,127,1535,87.5,10.33,1716.0,107.25,13.5,15,10,507.0,29.07,1.98,2020,WR,Stefon Diggs,BUF,16,166,76.5,8,55,9.2,12.1,1,1,1.0,0,0,0,12.6,201.6
91,91,5,19802,C. Ridley,90,1374,79.21,14.42,2063.0,137.53,22.9,22,17,422.0,25.76,1.97,2020,WR,Calvin Ridley,ATL,15,143,62.9,9,63,9.6,15.3,5,1,0.2,0,1,1,12.8,191.5
92,92,7,20875,D. Metcalf,83,1303,92.26,13.82,1783.0,111.43,21.5,16,14,390.0,24.06,2.1,2020,WR,DK Metcalf,SEA,16,129,64.3,10,62,10.1,15.7,0,0,0.0,0,1,1,11.8,188.3
93,93,6,21685,J. Jefferson,88,1400,82.3,11.92,1490.0,93.12,16.9,12,8,380.0,26.48,2.19,2020,WR,Justin Jefferson,MIN,16,125,70.4,7,71,11.2,15.9,1,2,2.0,0,1,0,11.6,186.2
94,94,10,15534,A. Thielen,74,925,92.09,11.95,1291.0,86.06,17.4,20,20,332.0,25.17,2.35,2020,WR,Adam Thielen,MIN,15,108,68.5,14,51,8.6,12.5,3,15,5.0,0,0,0,12.0,180.0
95,95,11,16597,M. Evans,70,1006,79.37,12.14,1324.0,82.75,18.9,19,16,308.0,17.98,2.28,2020,WR,Mike Evans,TB,16,109,64.2,13,50,9.2,14.4,0,0,0.0,0,0,0,11.2,178.6
96,96,4,14986,D. Hopkins,115,1407,91.05,8.76,1403.0,87.68,12.2,18,10,484.0,29.41,1.8,2020,WR,DeAndre Hopkins,ARI,16,160,71.9,6,60,8.8,12.2,1,1,1.0,0,3,2,10.8,172.8
97,97,12,21042,A. Brown,70,1075,81.18,10.66,1130.0,80.71,16.1,12,5,300.0,25.85,2.33,2020,WR,A.J. Brown,TEN,14,106,66.0,11,73,10.1,15.4,0,0,0.0,0,2,1,12.2,171.5
98,98,8,16830,T. Lockett,100,1054,88.54,9.74,1286.0,80.37,12.9,16,14,416.0,24.62,2.01,2020,WR,Tyler Lockett,SEA,16,132,75.8,10,47,8.0,10.5,0,0,0.0,0,1,0,10.3,165.4
99,99,9,16263,A. Robinson II,102,1250,84.42,9.86,1490.0,93.12,14.6,19,14,417.0,25.37,1.74,2020,WR,Allen Robinson II,CHI,16,151,67.5,6,42,8.3,12.3,1,-1,-1.0,0,0,0,10.1,160.9
100,100,13,14871,R. Woods,90,936,88.75,7.15,923.0,57.68,10.3,12,5,369.0,22.95,1.9,2020,WR,Robert Woods,LAR,16,129,69.8,6,56,7.3,10.4,24,155,6.5,2,2,1,9.7,155.1
101,101,23,21752,C. Claypool,62,873,60.83,13.28,1448.0,90.5,23.4,13,10,312.0,16.71,1.97,2020,WR,Chase Claypool,PIT,16,109,56.9,9,84,8.0,14.1,10,16,1.6,2,3,1,9.6,152.9
102,102,18,13870,M. Jones Jr.,76,978,89.56,12.15,1398.0,87.37,18.4,14,11,337.0,20.57,1.98,2020,WR,Marvin Jones Jr.,DET,16,115,66.1,9,43,8.5,12.9,0,0,0.0,0,0,0,9.5,151.8
103,103,17,16568,B. Cooks,81,1150,88.74,11.37,1354.0,90.26,16.7,11,8,356.0,23.94,1.95,2020,WR,Brandin Cooks,HOU,15,119,68.1,6,57,9.7,14.2,0,0,0.0,0,0,0,10.1,151.0
104,104,25,19844,D. Moore,66,1193,86.54,13.34,1575.0,105.0,23.9,8,9,325.0,24.58,1.79,2020,WR,DJ Moore,CAR,15,118,55.9,4,74,10.1,18.1,2,22,11.0,0,0,0,9.7,145.5
105,105,14,15076,K. Allen,100,992,81.01,7.36,1082.0,77.28,10.8,16,11,436.0,27.12,1.67,2020,WR,Keenan Allen,LAC,14,147,68.0,8,28,6.7,9.9,1,-1,-1.0,0,3,2,10.4,145.1
106,106,15,16765,A. Cooper,92,1114,84.26,8.73,1136.0,71.0,12.3,15,11,379.0,21.13,1.82,2020,WR,Amari Cooper,DAL,16,130,70.8,5,69,8.6,12.1,6,14,2.3,0,0,0,9.0,144.8
107,107,22,21679,C. Lamb,74,935,66.27,8.9,988.0,61.75,13.4,11,6,322.0,18.04,1.96,2020,WR,CeeDee Lamb,DAL,16,111,66.7,5,52,8.4,12.6,10,82,8.2,1,2,1,8.6,137.7
108,108,34,16781,N. Agholor,48,896,67.73,15.52,1273.0,79.56,26.5,12,11,233.0,16.2,2.26,2020,WR,Nelson Agholor,LV,16,82,58.5,8,85,10.9,18.7,0,0,0.0,0,0,0,8.6,137.6
109,109,16,18883,J. Smith-Schuster,97,831,81.83,5.74,735.5,45.96,7.6,18,9,385.0,19.63,1.83,2020,WR,JuJu Smith-Schuster,PIT,16,128,75.8,9,31,6.5,8.6,0,0,0.0,0,3,1,8.6,137.1
110,110,20,20873,T. McLaurin,87,1118,93.0,9.83,1318.0,87.86,15.1,13,6,388.0,25.42,1.67,2020,WR,Terry McLaurin,WAS,15,134,64.9,4,68,8.3,12.9,2,30,15.0,0,1,1,9.1,136.8
111,111,32,17916,W. Fuller V,53,879,87.04,13.06,980.0,89.09,18.5,8,6,219.0,21.49,2.52,2020,WR,William Fuller V,HOU,11,75,70.7,8,77,11.7,16.6,1,0,0.0,0,0,0,12.4,135.9
112,112,24,18928,C. Samuel,77,851,68.45,7.15,694.0,46.26,9.0,12,1,303.0,19.71,2.19,2020,WR,Curtis Samuel,CAR,15,97,79.4,3,44,8.8,11.1,41,200,4.9,2,1,0,9.0,135.1
113,113,21,21077,D. Johnson,88,923,70.05,8.17,1177.0,78.46,13.4,11,6,409.0,22.89,1.54,2020,WR,Diontae Johnson,PIT,15,144,61.1,7,47,6.4,10.5,3,15,5.0,0,2,1,8.9,133.8
114,114,19,18187,R. Anderson,95,1096,77.86,9.76,1328.0,83.0,14.0,14,6,443.0,26.25,1.65,2020,WR,Robby Anderson,CAR,16,136,69.9,3,75,8.1,11.5,4,15,3.8,0,1,1,8.1,129.1
115,115,28,21690,T. Higgins,67,908,74.48,11.68,1262.0,78.87,18.8,11,7,341.0,19.08,1.8,2020,WR,Tee Higgins,CIN,16,108,62.0,6,67,8.4,13.6,5,28,5.6,0,1,1,8.0,127.6
116,116,30,18879,C. Davis,65,984,77.35,11.86,1092.0,78.0,16.8,8,8,268.0,23.11,2.08,2020,WR,Corey Davis,TEN,14,92,70.7,5,75,10.7,15.1,0,0,0.0,0,1,1,9.0,126.4
117,117,31,18880,C. Godwin,65,840,84.54,10.3,866.0,72.16,13.3,9,5,263.0,18.87,2.27,2020,WR,Chris Godwin,TB,12,84,77.4,7,47,10.0,12.9,0,0,0.0,0,1,0,10.5,126.0
118,118,27,14141,C. Beasley,82,967,64.66,7.93,849.0,56.6,10.4,9,4,320.0,20.03,1.94,2020,WR,Cole Beasley,BUF,15,107,76.6,4,35,9.0,11.8,0,0,0.0,0,0,0,8.4,125.5
119,119,36,21045,M. Brown,58,769,78.79,12.98,1298.0,81.12,22.4,11,11,270.0,26.31,1.83,2020,WR,Marquise Brown,BAL,16,100,58.0,8,70,7.7,13.3,1,1,1.0,0,0,0,7.8,125.0
120,120,35,21747,B. Aiyuk,60,748,87.0,9.12,876.0,73.0,14.6,14,5,267.0,24.18,1.92,2020,WR,Brandon Aiyuk,SF,12,96,62.5,5,49,7.8,12.5,6,77,12.8,2,0,0,10.4,124.5
121,121,26,18882,C. Kupp,92,974,79.11,6.6,819.0,54.6,8.9,13,3,363.0,23.61,1.68,2020,WR,Cooper Kupp,LAR,15,124,74.2,3,55,7.9,10.6,4,33,8.2,0,1,1,7.8,116.7
122,122,33,16020,J. Landry,72,840,70.42,7.96,804.0,53.6,11.2,17,9,269.0,24.51,1.86,2020,WR,Jarvis Landry,CLE,15,101,71.3,3,32,8.3,11.7,4,10,2.5,1,2,0,7.7,115.96
123,123,38,19867,M. Gallup,59,843,88.33,11.88,1248.0,78.0,21.2,13,10,270.0,17.07,1.65,2020,WR,Michael Gallup,DAL,16,105,56.2,5,55,8.0,14.3,0,0,0.0,0,0,0,7.1,114.3
124,124,29,17986,T. Boyd,79,841,74.5,8.88,977.0,65.13,12.4,14,4,341.0,20.83,1.75,2020,WR,Tyler Boyd,CIN,15,110,71.8,4,72,7.6,10.6,5,49,9.8,0,1,0,7.6,113.64
125,125,39,16866,J. Crowder,59,699,79.75,7.47,658.0,54.83,11.2,10,4,252.0,24.71,1.95,2020,WR,Jamison Crowder,NYJ,12,88,67.0,6,69,7.9,11.8,1,14,14.0,0,0,0,9.4,113.02
126,126,44,19207,T. Patrick,51,742,75.81,12.44,983.0,65.53,19.3,10,3,201.0,15.95,2.04,2020,WR,Tim Patrick,DEN,15,79,64.6,6,61,9.4,14.5,0,0,0.0,0,0,0,7.3,110.2
127,127,37,20006,R. Gage,72,786,66.78,8.61,948.0,59.25,13.2,16,8,323.0,18.64,1.65,2020,WR,Russell Gage,ATL,16,110,65.5,4,35,7.1,10.9,2,9,4.5,0,0,0,6.8,109.06
128,128,42,14005,T. Hilton,56,762,65.72,12.53,1166.0,77.73,20.8,10,7,279.0,18.82,1.77,2020,WR,T.Y. Hilton,IND,15,93,60.2,5,50,8.2,13.6,0,0,0.0,0,0,0,7.2,108.2
129,129,48,18914,M. Williams,48,756,69.79,14.76,1255.0,83.66,26.1,10,11,236.0,14.65,1.81,2020,WR,Mike Williams,LAC,15,85,56.5,5,64,8.9,15.8,1,1,1.0,0,0,0,7.0,105.7
130,130,45,21692,J. Jeudy,52,856,78.5,13.59,1536.0,96.0,29.5,8,8,274.0,21.2,1.39,2020,WR,Jerry Jeudy,DEN,16,113,46.0,3,92,7.6,16.5,0,0,0.0,0,2,0,6.6,105.6
131,131,55,19976,M. Valdes-Scantling,33,690,76.81,17.46,1100.0,68.75,33.3,6,3,181.0,12.6,2.18,2020,WR,Marquez Valdes-Scantling,GB,16,63,52.4,6,78,11.0,20.9,4,13,3.2,0,1,1,6.5,104.3
132,132,41,11063,E. Sanders,61,726,53.07,8.85,726.0,51.85,11.9,14,7,240.0,19.15,2.01,2020,WR,Emmanuel Sanders,NO,14,82,74.4,5,51,8.9,11.9,1,12,12.0,0,1,0,7.4,103.8
133,133,40,16775,D. Parker,63,793,77.45,10.44,1076.0,76.85,17.1,14,14,308.0,21.19,1.61,2020,WR,DeVante Parker,MIA,14,103,61.2,4,31,7.7,12.6,0,0,0.0,0,1,0,7.4,103.3
134,134,57,21735,G. Davis,35,599,71.6,15.43,957.0,59.81,27.3,12,12,169.0,10.85,2.21,2020,WR,Gabriel Davis,BUF,16,62,56.5,7,56,9.7,17.1,1,0,0.0,0,1,0,6.4,101.9
135,135,49,19816,D. Chark Jr.,53,706,83.78,13.97,1300.0,100.0,24.5,12,7,246.0,19.87,1.65,2020,WR,DJ Chark Jr.,JAX,13,93,57.0,5,73,7.6,13.3,0,0,0.0,0,0,0,7.7,100.6
136,136,46,21697,L. Shenault Jr.,58,600,62.15,6.55,518.0,37.0,8.9,11,5,227.0,15.31,1.99,2020,WR,Laviska Shenault Jr.,JAX,14,79,73.4,5,36,7.6,10.3,18,91,5.1,0,0,0,7.1,99.1
137,137,51,19815,C. Kirk,48,621,76.56,12.0,948.0,67.71,19.8,14,7,215.0,16.32,1.85,2020,WR,Christian Kirk,ARI,14,79,60.8,6,80,7.9,12.9,2,3,1.5,0,1,0,7.0,98.4
138,138,43,17961,S. Shepard,66,656,71.68,8.45,761.0,63.41,11.5,11,4,255.0,23.31,1.81,2020,WR,Sterling Shepard,NYG,12,90,73.3,3,29,7.3,9.9,6,49,8.2,1,0,0,8.0,96.5
139,139,52,13291,J. Jones,51,771,72.92,11.27,767.0,85.22,15.0,11,6,197.0,20.35,2.15,2020,WR,Julio Jones,ATL,9,68,75.0,3,44,11.3,15.1,0,0,0.0,0,0,0,10.6,95.1
140,140,47,19514,K. Cole,55,642,74.85,10.84,954.0,59.62,17.3,10,5,245.0,15.09,1.77,2020,WR,Keelan Cole,JAX,16,88,62.5,5,51,7.3,11.7,1,2,2.0,0,0,0,5.9,94.4
141,141,56,19172,Z. Pascal,44,629,73.69,10.94,777.0,48.56,17.7,14,6,214.0,13.29,1.93,2020,WR,Zach Pascal,IND,16,71,62.0,5,42,8.9,14.3,0,0,0.0,0,0,0,5.8,92.9
142,142,50,21961,D. Mooney,61,631,73.02,11.8,1157.0,72.31,19.0,9,8,278.0,16.47,1.55,2020,WR,Darnell Mooney,CHI,16,98,62.2,4,53,6.4,10.3,4,20,5.0,0,1,0,5.7,91.1
143,143,54,20943,D. Slayton,50,751,87.21,13.73,1332.0,83.25,26.6,8,7,253.0,19.4,1.45,2020,WR,Darius Slayton,NYG,16,97,51.5,3,41,7.7,15.0,2,-1,-0.5,0,1,1,5.7,91.0
144,144,63,18089,R. Higgins,37,599,60.12,14.03,730.0,56.15,19.7,8,6,138.0,14.24,2.32,2020,WR,Rashard Higgins,CLE,13,52,71.2,4,43,11.5,16.2,0,0,0.0,0,3,0,6.5,83.9
145,145,64,19120,D. Moore,35,417,46.03,9.02,424.0,26.5,12.1,13,7,148.0,8.76,2.53,2020,WR,David Moore,SEA,16,47,74.5,6,57,8.9,11.9,8,61,7.6,0,1,0,5.2,83.8
146,146,53,20876,J. Meyers,59,729,75.88,10.61,860.0,61.42,14.6,5,3,223.0,23.2,1.76,2020,WR,Jakobi Meyers,NE,14,81,72.8,0,35,9.0,12.4,2,9,4.5,0,1,1,6.0,83.52
147,147,61,20788,M. Hardman,41,560,43.57,10.29,638.0,39.87,15.6,4,4,187.0,10.19,2.07,2020,WR,Mecole Hardman,KC,16,62,66.1,4,49,9.0,13.7,4,31,7.8,0,2,2,5.1,81.1
148,148,60,19318,K. Bourne,49,667,65.63,9.32,690.0,46.0,14.1,11,3,228.0,15.04,1.75,2020,WR,Kendrick Bourne,SF,15,74,66.2,2,49,9.0,13.6,0,0,0.0,0,0,0,5.4,80.7
149,149,58,19705,G. Ward,53,419,68.36,5.86,463.0,28.93,8.7,8,4,227.0,14.08,1.68,2020,WR,Greg Ward,PHI,16,79,67.1,6,32,5.3,7.9,2,-4,-2.0,0,2,0,5.0,80.1
150,150,66,20762,T. Fulgham,38,539,60.09,12.76,855.0,65.76,22.5,10,9,182.0,15.43,1.73,2020,WR,Travis Fulgham,PHI,13,67,56.7,4,42,8.0,14.2,0,0,0.0,0,0,0,6.0,77.9
151,151,59,20924,H. Renfrow,56,656,49.7,7.16,552.0,34.5,9.9,8,2,231.0,15.21,1.71,2020,WR,Hunter Renfrow,LV,16,77,72.7,2,53,8.5,11.7,0,0,0.0,0,2,1,4.7,75.6
152,152,62,19017,J. Reynolds,52,618,70.59,10.07,816.0,51.0,15.7,5,4,236.0,14.41,1.53,2020,WR,Josh Reynolds,LAR,16,81,64.2,2,40,7.6,11.9,1,5,5.0,0,2,1,4.5,72.3
153,153,65,11056,A. Brown,45,483,61.46,8.7,531.0,66.37,11.8,6,3,180.0,19.86,1.92,2020,WR,Antonio Brown,TB,8,61,73.8,4,46,7.9,10.7,2,-2,-1.0,0,0,0,9.0,72.1
154,154,73,21138,S. Miller,33,501,41.35,16.11,854.0,53.37,25.9,4,5,153.0,8.74,1.93,2020,WR,Scotty Miller,TB,16,53,62.3,3,48,9.5,15.2,3,14,4.7,0,0,0,4.3,69.5
155,155,72,19897,T. Smith,34,448,66.08,8.92,446.0,31.85,13.1,8,4,143.0,11.13,2.06,2020,WR,Tre'Quan Smith,NO,14,50,68.0,4,31,9.0,13.2,1,3,3.0,0,1,0,4.9,69.1
156,156,67,17141,D. Byrd,47,604,90.15,10.81,833.0,52.06,17.7,2,1,214.0,18.73,1.49,2020,WR,Damiere Byrd,NE,16,77,61.0,1,42,7.8,12.9,2,15,7.5,0,3,0,4.2,67.9
157,157,77,20145,A. Lazard,33,451,72.41,9.5,437.0,43.7,13.2,6,4,151.0,15.28,2.13,2020,WR,Allen Lazard,GB,10,46,71.7,3,72,9.8,13.7,2,17,8.5,0,0,0,6.5,64.8
158,158,68,12845,A. Green,47,523,79.94,13.23,1376.0,86.0,29.3,9,10,275.0,18.37,1.07,2020,WR,A.J. Green,CIN,16,104,45.2,2,33,5.0,11.1,0,0,0.0,0,0,0,4.0,64.3
159,159,80,16640,J. Brown,33,458,76.07,12.92,672.0,74.66,20.4,8,3,150.0,16.93,1.86,2020,WR,John Brown,BUF,9,52,63.5,3,46,8.8,13.9,0,0,0.0,0,0,0,7.1,63.8
160,160,70,18047,D. Robinson,45,466,65.59,8.67,512.0,32.0,11.4,6,6,178.0,9.7,1.82,2020,WR,Demarcus Robinson,KC,16,59,76.3,3,28,7.9,10.4,0,0,0.0,0,2,1,3.9,62.6
161,161,75,13227,R. Cobb,38,441,61.34,6.7,322.0,32.2,8.5,7,5,145.0,14.72,2.09,2020,WR,Randall Cobb,HOU,10,48,79.2,3,34,9.2,11.6,0,0,0.0,0,0,0,6.2,62.1
162,162,81,16141,W. Snead IV,33,432,61.78,8.91,428.0,32.92,13.0,8,2,142.0,14.63,1.96,2020,WR,Willie Snead IV,BAL,13,48,68.8,3,34,9.0,13.1,0,0,0.0,0,1,0,4.7,61.2
163,163,71,9906,D. Amendola,46,602,50.81,8.31,574.0,41.0,12.5,6,2,198.0,14.19,1.54,2020,WR,Danny Amendola,DET,14,69,66.7,0,50,8.7,13.1,1,2,2.0,0,0,0,4.3,60.4
164,164,78,20038,B. Berrios,37,394,28.93,7.43,409.0,25.56,11.1,5,1,158.0,11.85,1.77,2020,WR,Braxton Berrios,NYJ,16,55,67.3,3,43,7.2,10.6,3,29,9.7,0,0,0,3.8,60.3
165,165,69,19864,A. Miller,49,485,53.94,8.88,675.0,42.18,13.8,9,8,211.0,12.77,1.43,2020,WR,Anthony Miller,CHI,16,76,64.5,2,34,6.4,9.9,2,12,6.0,0,2,1,3.7,59.7
166,166,76,21744,M. Pittman Jr.,40,503,75.91,8.49,518.0,39.84,13.0,9,0,174.0,14.12,1.62,2020,WR,Michael Pittman Jr.,IND,13,61,65.6,1,45,8.2,12.6,3,26,8.7,0,0,0,4.5,58.9
167,167,79,16837,C. Conley,40,471,45.46,10.66,672.0,44.8,16.8,6,6,178.0,11.45,1.54,2020,WR,Chris Conley,JAX,15,63,63.5,2,51,7.5,11.8,0,0,0.0,0,1,1,3.8,57.1
168,168,87,20529,C. Sims,32,477,57.53,10.24,502.0,31.37,15.7,3,2,136.0,8.53,1.76,2020,WR,Cam Sims,WAS,16,49,65.3,1,50,9.7,14.9,1,5,5.0,0,0,0,3.4,54.2
169,169,85,19937,K. Coutee,33,400,58.82,9.82,393.0,49.12,11.9,11,5,124.0,14.86,2.18,2020,WR,Keke Coutee,HOU,8,40,82.5,3,64,10.0,12.1,0,0,0.0,0,4,3,6.8,54.0
170,170,86,11611,G. Tate,35,388,56.78,9.13,475.0,39.58,13.6,5,3,166.0,14.36,1.66,2020,WR,Golden Tate,NYG,12,52,67.3,2,39,7.5,11.1,0,0,0.0,0,0,0,4.3,51.52
171,171,82,16003,S. Watkins,37,421,74.23,8.07,444.0,44.4,12.0,8,3,157.0,14.03,1.61,2020,WR,Sammy Watkins,KC,10,55,67.3,2,37,7.7,11.4,1,3,3.0,0,1,1,5.0,50.4
172,172,84,21686,J. Reagor,31,396,68.55,13.4,724.0,65.81,23.4,8,6,142.0,14.4,1.61,2020,WR,Jalen Reagor,PHI,11,54,57.4,1,55,7.3,12.8,4,26,6.5,0,2,0,4.6,50.2
173,173,89,20932,D. Samuel,33,391,60.8,2.63,116.0,16.57,3.5,2,0,133.0,18.56,1.83,2020,WR,Deebo Samuel,SF,7,44,75.0,1,35,8.9,11.8,8,26,3.2,0,0,0,6.8,47.7
174,174,74,5571,L. Fitzgerald,54,409,77.32,6.18,445.0,34.23,8.2,7,3,227.0,16.1,1.4,2020,WR,Larry Fitzgerald,ARI,13,72,75.0,1,18,5.7,7.6,0,0,0.0,0,0,0,3.6,46.9
175,175,83,18103,J. Grant Sr.,36,373,42.75,10.29,556.0,39.71,15.4,4,1,165.0,11.71,1.62,2020,WR,Jakeem Grant Sr.,MIA,14,54,66.7,1,30,6.9,10.4,3,20,6.7,0,2,0,3.2,45.3
176,176,88,17960,M. Thomas,40,438,69.64,9.5,523.0,74.71,13.1,11,0,160.0,27.91,1.53,2020,WR,Michael Thomas,NO,7,55,72.7,0,24,8.0,11.0,1,1,1.0,0,0,0,6.3,43.9
177,177,90,20792,N. Harry,33,309,68.57,8.35,476.0,34.0,14.4,10,4,142.0,16.01,1.3,2020,WR,N'Keal Harry,NE,14,57,57.9,2,30,5.4,9.4,2,0,0.0,0,1,1,2.9,40.9
178,178,1,17960,M. Thomas,149,1725,90.7,8.27,1539.0,96.2,10.3,26,5,8.02,33.2,2.01,2019,WR,Michael Thomas,NO,16,185,80.5,9,49,9.3,11.6,1,-9,-9.0,0,1,0,14.1,225.6
179,179,3,18880,C. Godwin,86,1333,95.7,10.67,1270.0,90.7,14.8,13,9,7.21,22.2,2.3,2019,WR,Chris Godwin,TB,14,120,71.7,9,71,11.1,15.5,1,8,8.0,0,0,0,13.6,190.1
180,180,9,18977,K. Golladay,65,1190,91.7,15.74,1826.0,114.1,28.1,16,14,6.83,21.1,2.14,2019,WR,Kenny Golladay,DET,16,116,56.0,11,75,10.3,18.3,0,0,0.0,0,1,1,11.4,183.0
181,181,4,18882,C. Kupp,94,1162,80.5,7.54,1010.0,63.1,10.7,21,6,7.44,21.8,2.02,2019,WR,Cooper Kupp,LAR,16,134,70.1,10,66,8.7,12.4,2,4,2.0,0,3,0,11.0,176.5
182,182,2,13291,J. Jones,99,1394,79.1,12.58,1962.0,130.8,19.8,16,8,7.45,25.7,1.76,2019,WR,Julio Jones,ATL,15,157,63.1,6,54,8.9,14.1,2,-3,-1.5,0,1,0,11.7,175.1
183,183,11,16775,D. Parker,72,1202,88.3,13.84,1772.0,110.8,24.6,16,9,6.82,21.1,1.92,2019,WR,DeVante Parker,MIA,16,128,56.2,9,51,9.4,16.7,0,0,0.0,0,0,0,10.9,174.2
184,184,10,16765,A. Cooper,79,1189,77.7,12.79,1522.0,95.1,19.3,9,9,7.5,20.7,2.07,2019,WR,Amari Cooper,DAL,16,119,66.4,8,53,10.0,15.1,1,6,6.0,0,0,0,10.5,167.5
185,185,15,16597,M. Evans,67,1157,89.6,15.89,1875.0,144.2,28.0,18,15,6.33,23.8,1.96,2019,WR,Mike Evans,TB,13,118,56.8,8,67,9.8,17.3,0,0,0.0,0,0,0,12.7,165.7
186,186,21,21042,A. Brown,52,1051,72.3,13.57,1140.0,71.2,21.9,8,6,7.02,19.5,2.58,2019,WR,A.J. Brown,TEN,16,84,61.9,8,91,12.5,20.2,3,60,20.0,1,1,0,10.3,165.1
187,187,5,14986,D. Hopkins,104,1165,100.0,10.63,1595.0,106.3,15.3,13,10,7.13,30.9,1.78,2019,WR,DeAndre Hopkins,HOU,15,150,69.3,7,43,7.8,11.2,2,18,9.0,0,0,0,11.0,164.54
188,188,6,15076,K. Allen,104,1199,91.2,10.24,1536.0,96.0,14.8,20,11,7.33,26.0,1.74,2019,WR,Keenan Allen,LAC,16,149,69.8,6,45,8.0,11.5,3,16,5.3,0,0,0,9.8,157.5
189,189,7,16263,A. Robinson II,98,1147,97.0,11.49,1758.0,109.9,17.9,20,9,6.83,27.0,1.67,2019,WR,Allen Robinson II,CHI,16,154,63.6,7,49,7.4,11.7,1,2,2.0,0,0,0,9.8,156.9
190,190,8,8355,J. Edelman,100,1117,88.5,9.5,1463.0,91.4,14.6,22,3,7.06,26.2,1.64,2019,WR,Julian Edelman,NE,16,153,65.4,6,44,7.3,11.2,8,27,3.4,0,3,1,9.8,156.28
191,191,12,16020,J. Landry,83,1174,95.4,10.05,1387.0,86.7,16.7,21,9,6.68,26.6,1.72,2019,WR,Jarvis Landry,CLE,16,138,60.1,6,65,8.5,14.1,1,10,10.0,0,0,0,9.6,154.4
192,192,13,16830,T. Lockett,82,1057,92.7,13.45,1479.0,92.4,18.0,23,13,7.23,22.3,2.14,2019,WR,Tyler Lockett,SEA,16,110,74.5,8,44,9.6,12.9,4,-5,-1.2,0,1,0,9.6,153.2
193,193,17,19816,D. Chark Jr.,73,1008,86.0,12.41,1452.0,96.8,19.9,15,15,6.82,21.8,1.91,2019,WR,DJ Chark Jr.,JAX,15,118,61.9,8,69,8.5,13.8,2,20,10.0,0,0,0,10.2,152.8
194,194,19,19800,C. Sutton,72,1112,95.5,12.38,1560.0,97.5,21.7,20,14,6.43,26.1,1.77,2019,WR,Courtland Sutton,DEN,16,125,57.6,6,70,8.9,15.4,3,17,5.7,0,2,0,9.4,150.42
195,195,22,16906,S. Diggs,63,1129,83.1,14.99,1394.0,92.9,22.1,5,7,7.42,21.9,2.3,2019,WR,Stefon Diggs,MIN,15,94,67.0,6,66,12.0,17.9,5,61,12.2,0,4,3,9.9,149.1
196,196,20,16640,J. Brown,72,1060,94.9,14.59,1677.5,111.8,23.3,10,5,6.5,25.7,1.91,2019,WR,John Brown,BUF,15,115,62.6,6,53,9.2,14.7,2,7,3.5,0,0,0,9.9,147.82
197,197,23,19867,M. Gallup,66,1107,87.6,13.31,1491.0,106.5,22.6,7,4,7.1,21.7,1.9,2019,WR,Michael Gallup,DAL,14,112,58.9,6,62,9.9,16.8,0,0,0.0,0,0,0,10.5,146.7
198,198,16,19844,D. Moore,87,1175,92.4,11.33,1529.0,101.9,17.6,13,6,6.72,24.3,1.71,2019,WR,DJ Moore,CAR,15,135,64.4,4,52,8.7,13.5,6,40,6.7,0,2,1,9.6,143.5
199,199,14,14871,R. Woods,90,1134,92.9,8.02,1123.0,74.9,12.5,10,3,6.68,23.4,1.66,2019,WR,Robert Woods,LAR,15,139,64.7,2,48,8.2,12.6,17,115,6.8,1,0,0,9.5,142.9
200,200,27,19802,C. Ridley,63,866,80.9,13.61,1266.0,97.4,20.1,8,7,7.34,17.7,2.1,2019,WR,Calvin Ridley,ATL,13,93,67.7,7,36,9.3,13.7,2,34,17.0,0,0,0,10.3,134.0
201,201,29,20873,T. McLaurin,58,919,98.2,13.94,1296.0,92.6,22.3,13,10,6.53,23.0,2.06,2019,WR,Terry McLaurin,WAS,14,93,62.4,7,75,9.9,15.8,0,0,0.0,0,0,0,9.6,133.9
202,202,18,17986,T. Boyd,90,1045,92.0,9.31,1369.0,85.6,15.2,11,4,7.45,24.9,1.52,2019,WR,Tyler Boyd,CIN,16,147,61.2,5,47,7.1,11.6,4,23,5.8,0,2,2,8.3,132.9
203,203,32,20932,D. Samuel,57,803,72.1,7.9,640.0,42.7,11.2,17,5,7.62,18.1,2.31,2019,WR,Deebo Samuel,SF,15,81,70.4,3,42,9.9,14.1,14,159,11.4,3,2,1,8.8,132.1
204,204,28,13870,M. Jones Jr.,62,779,94.1,14.07,1294.0,99.5,20.9,15,10,7.28,20.2,2.11,2019,WR,Marvin Jones Jr.,DET,13,92,67.4,9,47,8.5,12.6,2,0,0.0,0,0,0,10.1,131.9
205,205,31,18082,T. Hill,58,860,74.4,12.84,1130.0,94.2,19.5,7,4,7.02,21.9,2.14,2019,WR,Tyreek Hill,KC,12,89,65.2,7,57,9.7,14.8,8,23,2.9,0,0,0,10.9,130.3
206,206,24,16470,D. Adams,83,997,86.2,10.62,1349.0,112.4,16.3,23,9,7.58,30.3,1.66,2019,WR,Davante Adams,GB,12,127,65.4,5,58,7.9,12.0,0,0,0.0,0,2,1,10.8,129.7
207,207,33,20875,D. Metcalf,58,900,87.2,13.76,1376.0,86.0,23.7,18,17,7.0,20.3,1.85,2019,WR,DK Metcalf,SEA,16,100,58.0,7,54,9.0,15.5,2,11,5.5,0,3,3,8.1,129.1
208,208,25,16389,O. Beckham Jr.,74,1035,97.3,13.91,1849.5,115.6,25.0,13,12,6.45,25.6,1.51,2019,WR,Odell Beckham Jr.,CLE,16,133,55.6,4,89,7.8,14.0,3,10,3.3,0,1,1,8.0,127.3
209,209,30,11063,E. Sanders,66,869,80.4,11.09,1065.0,62.6,16.1,14,9,6.85,18.3,1.96,2019,WR,Emmanuel Sanders,SF,17,97,68.0,5,75,9.0,13.2,0,0,0.0,0,0,0,7.3,124.3
210,210,37,20943,D. Slayton,48,740,79.4,14.13,1173.0,83.8,24.4,7,5,6.93,16.6,2.05,2019,WR,Darius Slayton,NYG,14,83,57.8,8,55,8.9,15.4,0,0,0.0,0,0,0,8.7,122.0
211,211,26,16866,J. Crowder,78,834,84.3,7.95,970.0,60.6,12.4,16,6,6.66,24.7,1.62,2019,WR,Jamison Crowder,NYJ,16,122,63.9,6,41,6.8,10.7,1,4,4.0,0,0,0,7.5,119.7
212,212,34,14141,C. Beasley,67,778,74.6,7.76,815.0,54.3,12.2,9,2,6.67,23.4,1.72,2019,WR,Cole Beasley,BUF,15,104,64.4,6,51,7.5,11.6,0,0,0.0,0,0,0,7.9,117.8
213,213,36,18928,C. Samuel,54,627,91.0,14.41,1542.0,96.4,28.6,15,8,5.86,17.7,1.6,2019,WR,Curtis Samuel,CAR,16,106,50.9,6,44,5.9,11.6,19,130,6.8,1,0,0,7.4,117.7
214,214,39,18914,M. Williams,49,1001,87.5,17.43,1569.0,104.6,32.0,16,12,6.69,16.5,1.79,2019,WR,Mike Williams,LAC,15,90,54.4,2,56,11.1,20.4,1,2,2.0,0,0,0,7.5,112.3
215,215,40,18187,R. Anderson,52,778,95.9,15.15,1454.0,90.9,28.0,5,10,6.41,19.5,1.67,2019,WR,Robby Anderson,NYJ,16,96,54.2,5,92,8.1,15.0,1,4,4.0,0,1,0,6.9,110.3
216,216,43,16837,C. Conley,47,775,83.5,14.75,1342.0,83.9,28.6,8,6,6.81,16.1,1.7,2019,WR,Chris Conley,JAX,16,90,52.2,5,70,8.6,16.5,0,0,0.0,0,0,0,6.8,109.5
217,217,44,11611,G. Tate,49,676,90.2,10.48,891.0,81.0,18.2,9,4,7.35,21.4,1.81,2019,WR,Golden Tate,NYG,11,85,57.6,6,64,8.0,13.8,1,16,16.0,0,1,1,9.4,103.2
218,218,35,5571,L. Fitzgerald,75,804,88.2,7.88,859.0,53.7,11.5,14,6,7.27,20.6,1.63,2019,WR,Larry Fitzgerald,ARI,16,109,68.8,4,54,7.4,10.7,0,0,0.0,0,1,1,6.4,102.4
219,219,50,16787,B. Perriman,36,645,66.2,16.41,1132.0,80.9,31.4,2,11,6.01,13.0,2.0,2019,WR,Breshad Perriman,TB,14,70,51.4,6,44,9.2,17.9,2,16,8.0,0,0,0,7.3,102.1
220,220,47,17048,T. Williams,42,651,91.3,13.25,848.0,65.2,20.2,8,7,7.38,16.5,2.24,2019,WR,Tyrell Williams,LV,14,64,65.6,6,46,10.2,15.5,0,0,0.0,0,0,0,7.2,101.1
221,221,46,21045,M. Brown,46,584,59.0,11.85,841.0,60.1,18.3,13,10,7.32,18.9,2.06,2019,WR,Marquise Brown,BAL,14,71,64.8,7,83,8.2,12.7,0,0,0.0,0,0,0,7.2,100.4
222,222,38,19815,C. Kirk,68,709,98.5,9.68,1045.0,80.4,15.4,12,2,7.01,24.5,1.54,2019,WR,Christian Kirk,ARI,13,107,63.6,3,69,6.6,10.4,10,93,9.3,0,0,0,7.7,100.2
223,223,42,13227,R. Cobb,55,828,68.8,10.2,847.0,56.5,15.4,8,3,7.5,15.5,1.87,2019,WR,Randall Cobb,DAL,15,83,66.3,3,59,10.0,15.1,3,11,3.7,0,2,1,6.7,99.9
224,224,41,21077,D. Johnson,59,680,66.9,9.1,837.0,52.3,14.2,7,2,6.85,18.9,1.71,2019,WR,Diontae Johnson,PIT,16,92,64.1,5,45,7.4,11.5,4,41,10.2,0,5,2,6.1,98.1
225,225,55,19172,Z. Pascal,41,607,82.5,11.64,838.0,59.9,20.4,12,8,6.77,16.6,1.85,2019,WR,Zach Pascal,IND,16,72,56.9,5,37,8.4,14.8,2,16,8.0,0,0,0,5.9,94.3
226,226,45,18992,D. Westbrook,66,660,74.3,6.81,688.0,45.9,10.4,11,6,7.28,19.4,1.51,2019,WR,Dede Westbrook,JAX,15,101,65.3,3,39,6.5,10.0,5,27,5.4,0,1,0,6.0,90.7
227,227,53,19865,J. Washington,44,735,68.6,14.86,1174.0,78.3,26.7,2,3,6.3,16.9,1.69,2019,WR,James Washington,PIT,15,80,55.0,3,79,9.2,16.7,0,0,0.0,0,1,1,6.0,89.5
228,228,51,16003,S. Watkins,52,673,83.7,10.04,904.0,69.5,17.4,6,6,6.83,19.7,1.52,2019,WR,Sammy Watkins,KC,14,90,57.8,3,68,7.5,12.9,2,12,6.0,0,2,1,6.2,86.5
229,229,52,17916,W. Fuller V,49,670,82.8,14.77,1049.0,95.4,21.4,7,5,7.29,20.7,1.89,2019,WR,William Fuller V,HOU,11,71,69.0,3,54,9.4,13.7,0,0,0.0,0,1,0,7.7,85.0
230,230,49,17961,S. Shepard,57,576,92.5,9.35,795.0,79.5,13.9,12,5,7.18,23.4,1.64,2019,WR,Sterling Shepard,NYG,10,83,68.7,3,36,6.9,10.1,6,72,12.0,0,0,0,8.5,84.8
231,231,54,20924,H. Renfrow,49,605,54.2,6.83,485.0,37.3,9.9,12,5,7.39,17.6,1.88,2019,WR,Hunter Renfrow,LV,13,71,69.0,4,65,8.5,12.3,0,0,0.0,0,1,0,6.5,84.5
232,232,57,14005,T. Hilton,45,501,73.9,10.32,712.0,71.2,15.8,8,4,6.99,24.6,1.81,2019,WR,T.Y. Hilton,IND,10,68,66.2,5,35,7.4,11.1,0,0,0.0,0,0,0,8.0,80.1
233,233,60,15196,K. Stills,40,561,73.2,11.24,618.0,47.5,15.4,4,4,7.55,13.4,2.18,2019,WR,Kenny Stills,HOU,13,55,72.7,4,45,10.2,14.0,0,0,0.0,0,0,0,6.2,80.1
234,234,59,14187,A. Jeffery,43,490,79.2,11.78,848.5,94.3,19.7,10,6,7.64,22.6,1.7,2019,WR,Alshon Jeffery,PHI,10,73,58.9,4,38,6.7,11.4,1,2,2.0,1,0,0,7.9,79.2
235,235,48,9906,D. Amendola,62,678,66.4,8.62,828.0,55.2,13.4,9,2,7.14,18.5,1.46,2019,WR,Danny Amendola,DET,15,96,64.6,1,47,7.1,10.9,0,0,0.0,0,0,0,5.2,78.56
236,236,56,19864,A. Miller,52,656,66.5,10.47,890.0,55.6,17.1,10,6,6.59,15.0,1.5,2019,WR,Anthony Miller,CHI,16,85,61.2,2,35,7.7,12.6,1,-1,-1.0,0,1,1,4.7,75.5
237,237,61,16568,B. Cooks,42,583,72.2,14.14,1018.0,72.7,24.2,5,4,6.6,12.9,1.63,2019,WR,Brandin Cooks,LAR,14,72,58.3,2,57,8.1,13.9,6,52,8.7,0,0,0,5.4,75.5
238,238,62,18879,C. Davis,43,601,80.9,12.54,865.0,57.7,20.1,3,3,6.85,16.8,1.67,2019,WR,Corey Davis,TEN,15,69,62.3,2,38,8.7,14.0,0,0,0.0,0,1,0,4.8,72.1
239,239,63,18883,J. Smith-Schuster,42,552,79.0,9.72,700.0,58.3,16.7,8,5,6.74,18.3,1.57,2019,WR,JuJu Smith-Schuster,PIT,12,71,59.2,3,76,7.8,13.1,0,0,0.0,0,1,1,5.9,71.2
240,240,64,21400,S. Sims,34,310,36.8,7.23,405.0,27.0,11.9,9,7,7.14,13.3,1.85,2019,WR,Steven Sims,WAS,16,56,60.7,4,65,5.5,9.1,9,85,9.4,1,1,0,4.3,69.5
241,241,67,18047,D. Robinson,32,449,70.5,13.09,720.0,48.0,22.5,6,4,6.68,10.4,1.83,2019,WR,Demarcus Robinson,KC,16,55,58.2,4,44,8.2,14.0,0,0,0.0,0,0,0,4.3,68.9
242,242,65,20145,A. Lazard,35,477,61.0,14.6,759.0,69.0,21.7,4,5,7.5,13.7,1.98,2019,WR,Allen Lazard,GB,12,52,67.3,3,43,9.2,13.6,1,21,21.0,0,0,0,5.6,67.8
243,243,58,13878,M. Sanu Sr.,59,520,74.2,7.45,663.0,44.2,11.2,11,4,6.8,15.6,1.39,2019,WR,Mohamed Sanu Sr.,NE,15,89,66.3,2,28,5.8,8.8,3,11,3.7,0,0,0,4.3,65.1
244,244,70,16141,W. Snead IV,31,339,60.8,9.13,411.0,25.7,13.3,7,2,7.67,10.6,2.11,2019,WR,Willie Snead IV,BAL,16,45,68.9,5,50,7.5,10.9,2,2,1.0,0,0,0,4.0,64.1
245,245,66,20057,A. Tate,40,575,84.7,12.35,1000.0,83.3,25.0,14,7,6.23,18.8,1.25,2019,WR,Auden Tate,CIN,12,80,50.0,1,33,7.2,14.4,0,0,0.0,0,1,1,5.1,61.5
246,246,72,20988,P. Williams,32,428,84.6,14.88,893.0,111.6,27.9,10,9,6.75,21.4,1.51,2019,WR,Preston Williams,MIA,8,60,53.3,3,35,7.1,13.4,0,0,0.0,0,2,1,7.4,58.8
247,247,71,16781,N. Agholor,39,363,91.3,11.57,810.0,73.6,20.8,7,8,7.43,18.0,1.31,2019,WR,Nelson Agholor,PHI,11,69,56.5,3,43,5.3,9.3,2,7,3.5,0,2,1,5.0,55.0
248,248,69,18197,A. Erickson,43,529,58.2,8.47,661.0,41.3,15.4,10,4,6.7,13.2,1.23,2019,WR,Alex Erickson,CIN,16,78,55.1,0,52,6.8,12.3,5,33,6.6,0,4,2,3.3,53.24
249,249,76,16253,A. Hurns,32,416,57.6,11.46,550.0,39.3,17.2,6,3,7.86,8.9,1.74,2019,WR,Allen Hurns,MIA,14,48,66.7,2,27,8.7,13.0,0,0,0.0,0,1,1,3.7,51.6
250,250,68,20006,R. Gage,49,446,50.0,7.54,558.0,39.9,11.4,14,3,7.33,12.9,1.34,2019,WR,Russell Gage,ATL,16,74,66.2,1,19,6.0,9.1,4,12,3.0,0,1,1,3.1,49.8
251,251,74,17290,A. Humphries,37,374,52.7,7.83,368.0,30.7,9.9,4,2,7.55,14.6,1.84,2019,WR,Adam Humphries,TEN,12,47,78.7,2,30,8.0,10.1,1,1,1.0,0,1,0,4.1,49.5
252,252,75,11197,D. Thomas,36,433,68.9,9.86,582.0,52.9,16.2,7,2,6.95,17.2,1.45,2019,WR,Demaryius Thomas,NYJ,11,58,62.1,1,47,7.5,12.0,0,0,0.0,0,0,0,4.5,49.3
253,253,77,20836,B. Johnson,31,294,63.3,11.47,516.0,39.7,16.6,7,5,7.06,11.7,1.76,2019,WR,Bisi Johnson,MIN,16,45,68.9,3,23,6.5,9.5,1,6,6.0,0,0,0,3.0,48.0
254,254,73,16308,A. Wilson,43,351,51.9,5.21,323.0,24.8,7.5,6,1,7.3,12.4,1.44,2019,WR,Albert Wilson,MIA,13,62,69.4,1,35,5.7,8.2,5,45,9.0,0,0,0,3.6,46.4
255,255,78,18269,G. Allison,34,287,60.6,7.29,408.0,27.2,12.0,10,8,7.54,10.8,1.31,2019,WR,Geronimo Allison,GB,16,55,61.8,2,31,5.2,8.4,1,7,7.0,0,2,1,2.6,41.4
256,256,79,17141,D. Byrd,32,359,68.6,10.22,470.0,42.7,14.7,3,0,7.55,12.5,1.56,2019,WR,Damiere Byrd,ARI,11,46,69.6,1,58,7.8,11.2,0,0,0.0,0,1,1,3.6,39.9
257,257,2,18082,T. Hill,87,1479,89.2,15.26,2091.0,130.7,24.0,16,11,7.14,24.3,2.39,2018,WR,Tyreek Hill,KC,16,137,63.5,12,75,10.8,17.0,22,151,6.9,1,0,0,15.1,241.0
258,258,5,11056,A. Brown,104,1297,97.2,11.86,2005.0,133.7,19.3,24,20,7.31,26.7,1.92,2018,WR,Antonio Brown,PIT,15,168,61.9,15,78,7.7,12.5,0,0,0.0,0,0,0,14.6,219.7
259,259,3,16470,D. Adams,111,1386,98.6,11.72,1980.0,132.0,17.8,31,14,6.88,29.1,1.94,2018,WR,Davante Adams,GB,15,169,65.7,13,57,8.2,12.5,0,0,0.0,0,0,0,14.6,218.6
260,260,1,14986,D. Hopkins,115,1572,100.0,12.32,2008.0,125.5,17.5,25,20,6.75,32.9,2.05,2018,WR,DeAndre Hopkins,HOU,16,163,70.6,11,49,9.6,13.7,1,-7,-7.0,0,2,2,13.7,218.5
261,261,4,13291,J. Jones,113,1677,82.7,14.22,2417.0,151.1,21.4,17,10,7.22,28.1,1.92,2018,WR,Julio Jones,ATL,16,170,66.5,8,58,9.9,14.8,2,12,6.0,0,2,2,13.3,212.9
262,262,9,16597,M. Evans,86,1524,90.9,15.94,2216.0,138.5,25.8,14,16,6.73,22.4,2.09,2018,WR,Mike Evans,TB,16,139,61.9,8,72,11.0,17.7,0,0,0.0,1,2,1,12.8,204.4
263,263,7,15534,A. Thielen,113,1373,100.0,10.02,1553.0,97.1,13.7,20,11,7.73,26.2,1.97,2018,WR,Adam Thielen,MIN,16,155,72.9,9,68,8.9,12.2,5,30,6.0,0,1,1,12.1,194.3
264,264,6,17960,M. Thomas,125,1405,90.7,7.99,1175.0,73.4,9.4,29,6,8.2,28.8,2.15,2018,WR,Michael Thomas,NO,16,147,85.0,9,72,9.6,11.2,0,0,0.0,0,2,2,11.9,190.5
265,265,8,18883,J. Smith-Schuster,111,1426,88.4,9.26,1537.0,96.1,13.8,29,9,7.36,24.5,1.78,2018,WR,JuJu Smith-Schuster,PIT,16,166,66.9,7,97,8.6,12.8,1,13,13.0,0,1,1,11.6,185.9
266,266,10,14871,R. Woods,86,1219,96.3,11.6,1520.0,95.0,17.7,12,9,7.27,24.0,2.03,2018,WR,Robert Woods,LAR,16,130,66.2,6,39,9.4,14.2,19,157,8.3,1,0,0,11.2,179.6
267,267,17,16830,T. Lockett,57,965,89.6,13.83,982.0,61.4,17.2,6,7,7.82,17.7,3.1,2018,WR,Tyler Lockett,SEA,16,71,80.3,10,52,13.6,16.9,13,69,5.3,0,2,0,10.3,165.4
268,268,11,16906,S. Diggs,102,1021,94.3,9.28,1373.0,91.5,13.5,18,12,7.13,26.0,1.79,2018,WR,Stefon Diggs,MIN,15,150,68.0,9,75,6.8,10.0,10,62,6.2,0,0,0,11.0,164.3
269,269,13,16568,B. Cooks,80,1204,95.8,13.0,1508.0,100.5,18.8,17,6,7.61,22.6,2.1,2018,WR,Brandin Cooks,LAR,16,117,68.4,5,57,10.3,15.0,10,68,6.8,1,1,0,10.2,163.2
270,270,12,15076,K. Allen,97,1196,87.9,9.14,1252.0,83.5,12.9,15,7,7.76,29.2,1.88,2018,WR,Keenan Allen,LAC,16,136,71.3,6,54,8.8,12.3,9,75,8.3,0,3,1,10.2,163.1
271,271,14,14005,T. Hilton,76,1270,79.8,11.51,1381.0,98.6,18.2,17,5,7.42,22.6,1.99,2018,WR,T.Y. Hilton,IND,14,120,63.3,6,68,10.6,16.7,0,0,0.0,0,0,0,11.6,163.0
272,272,15,16389,O. Beckham Jr.,77,1052,100.0,12.17,1509.0,125.8,19.6,20,18,6.47,28.5,1.86,2018,WR,Odell Beckham Jr.,NYG,12,124,62.1,6,51,8.5,13.7,5,19,3.8,0,2,1,12.8,153.34
273,273,16,17986,T. Boyd,76,1028,89.2,9.87,1066.0,76.1,14.0,10,4,7.04,22.1,2.05,2018,WR,Tyler Boyd,CIN,14,108,70.4,7,49,9.5,13.5,2,3,1.5,0,0,0,10.4,145.1
274,274,22,19802,C. Ridley,64,821,65.0,10.14,933.0,58.3,14.6,9,6,7.34,15.2,2.25,2018,WR,Calvin Ridley,ATL,16,92,69.6,10,75,8.9,12.8,6,27,4.5,0,2,1,8.9,142.8
275,275,18,16765,A. Cooper,75,1005,84.4,10.29,1111.0,74.1,14.8,13,9,7.22,20.0,2.0,2018,WR,Amari Cooper,DAL,15,107,70.1,7,90,9.4,13.4,2,20,10.0,0,2,2,9.4,140.4
276,276,32,18914,M. Williams,43,664,63.9,15.38,1015.0,63.4,23.6,14,12,7.5,13.0,2.7,2018,WR,Mike Williams,LAC,16,66,65.2,10,55,10.1,15.4,7,28,4.0,1,0,0,8.6,137.2
277,277,21,18977,K. Golladay,70,1063,91.6,12.37,1460.0,97.3,20.9,15,12,6.97,22.3,1.76,2018,WR,Kenny Golladay,DET,15,119,58.8,5,60,8.9,15.2,1,8,8.0,0,1,0,9.1,137.1
278,278,19,16020,J. Landry,81,976,92.2,11.17,1653.0,103.3,20.4,19,9,6.22,26.4,1.45,2018,WR,Jarvis Landry,CLE,16,149,54.4,4,51,6.6,12.0,3,60,20.0,1,1,1,8.5,136.12
279,279,20,8355,J. Edelman,74,850,88.4,8.28,894.0,74.5,12.1,20,4,7.31,25.7,1.92,2018,WR,Julian Edelman,NE,12,108,68.5,6,36,7.9,11.5,9,107,11.9,0,1,0,11.1,133.42
280,280,23,11063,E. Sanders,71,868,88.2,9.95,975.0,81.2,13.7,11,4,7.73,24.6,2.02,2018,WR,Emmanuel Sanders,DEN,12,98,72.4,4,64,8.9,12.2,4,53,13.2,1,1,0,10.6,127.22
281,281,28,18880,C. Godwin,59,842,67.7,12.34,1172.0,73.2,19.9,16,14,6.76,15.3,1.93,2018,WR,Chris Godwin,TB,16,95,62.1,7,48,8.9,14.3,0,0,0.0,0,4,1,7.9,126.2
282,282,25,14187,A. Jeffery,65,843,85.8,11.11,1022.0,78.6,15.7,14,9,7.45,19.5,2.01,2018,WR,Alshon Jeffery,PHI,13,92,70.7,6,52,9.2,13.0,0,0,0.0,0,1,0,9.3,120.3
283,283,27,18879,C. Davis,65,891,94.5,10.89,1220.0,76.2,18.8,15,9,6.83,26.4,1.64,2018,WR,Corey Davis,TEN,16,112,58.0,4,51,8.0,13.7,6,55,9.2,0,1,0,7.4,118.6
284,284,26,5571,L. Fitzgerald,69,734,97.8,9.5,1064.0,66.5,15.4,14,10,6.47,23.6,1.64,2018,WR,Larry Fitzgerald,ARI,16,112,61.6,6,37,6.6,10.6,0,0,0.0,0,0,0,7.3,116.68
285,285,30,17961,S. Shepard,66,872,96.1,11.12,1190.0,74.4,18.0,19,12,7.08,18.6,1.69,2018,WR,Sterling Shepard,NYG,16,107,61.7,4,58,8.1,13.2,3,33,11.0,0,1,0,7.3,116.5
286,286,31,13878,M. Sanu Sr.,66,838,81.9,8.57,806.0,50.4,12.2,6,2,7.39,15.6,1.92,2018,WR,Mohamed Sanu Sr.,ATL,16,94,70.2,4,44,8.9,12.7,7,44,6.3,0,2,1,7.3,116.4
287,287,24,17290,A. Humphries,76,816,72.7,6.3,655.0,40.9,8.6,14,3,7.55,16.8,1.81,2018,WR,Adam Humphries,TB,16,105,72.4,5,51,7.8,10.7,2,11,5.5,0,2,0,7.0,112.7
288,288,42,3943,D. Jackson,41,774,54.5,18.87,1415.0,117.9,34.5,5,6,6.4,15.2,2.02,2018,WR,DeSean Jackson,TB,12,74,55.4,4,75,10.5,18.9,6,29,4.8,1,0,0,9.2,110.3
289,289,35,18926,Z. Jones,56,652,91.8,12.43,1268.0,79.2,22.6,17,10,6.4,21.2,1.6,2018,WR,Zay Jones,BUF,16,102,54.9,7,57,6.4,11.6,1,0,0.0,0,1,0,6.8,109.2
290,290,29,11611,G. Tate,74,795,65.7,6.67,754.0,50.3,10.2,12,2,7.59,20.9,1.6,2018,WR,Golden Tate,PHI,15,113,65.5,4,67,7.0,10.7,4,34,8.5,0,2,0,7.3,108.9
291,291,33,18992,D. Westbrook,66,717,81.0,8.69,878.0,54.9,13.3,13,6,6.56,19.2,1.72,2018,WR,Dede Westbrook,JAX,16,101,65.3,5,61,7.1,10.9,9,98,10.9,0,3,2,6.7,107.5
292,292,38,18187,R. Anderson,50,752,80.1,16.44,1529.0,109.2,30.6,9,11,6.26,20.8,1.68,2018,WR,Robby Anderson,NYJ,14,93,53.8,6,76,8.1,15.0,2,-8,-4.0,0,2,2,7.6,106.4
293,293,44,12845,A. Green,46,694,82.7,13.57,1045.0,116.1,22.7,14,13,7.05,23.5,1.94,2018,WR,A.J. Green,CIN,9,77,59.7,6,38,9.0,15.1,0,0,0.0,0,2,1,11.5,103.4
294,294,36,19844,D. Moore,55,788,69.5,9.12,748.0,46.8,13.6,8,4,7.13,15.1,1.91,2018,WR,DJ Moore,CAR,16,82,67.1,2,82,9.6,14.3,13,172,13.2,0,4,3,6.4,102.0
295,295,45,16640,J. Brown,42,715,65.9,17.1,1659.0,103.7,39.5,15,13,6.29,18.0,1.48,2018,WR,John Brown,BAL,16,97,43.3,5,71,7.4,17.0,3,4,1.3,0,0,0,6.4,101.9
296,296,34,16781,N. Agholor,64,736,93.5,10.27,996.0,62.2,15.6,12,4,7.11,16.4,1.71,2018,WR,Nelson Agholor,PHI,16,97,66.0,4,83,7.6,11.5,3,32,10.7,0,1,0,6.3,101.4
297,297,40,16263,A. Robinson II,55,754,91.2,12.5,1175.0,90.4,21.4,12,9,7.13,21.9,1.63,2018,WR,Allen Robinson II,CHI,13,94,58.5,4,43,8.0,13.7,1,9,9.0,0,1,1,7.6,98.3
298,298,50,18928,C. Samuel,39,494,56.7,12.37,804.0,61.8,20.6,9,6,6.46,14.4,2.1,2018,WR,Curtis Samuel,CAR,13,65,60.0,5,53,7.6,12.7,8,84,10.5,2,1,1,7.5,97.8
299,299,37,11197,D. Thomas,59,677,83.7,10.9,970.0,64.7,16.4,12,5,7.53,18.4,1.76,2018,WR,Demaryius Thomas,HOU,15,89,66.3,5,45,7.6,11.5,0,0,0.0,0,0,0,6.5,97.7
300,300,47,14587,J. Gordon,41,737,76.2,15.54,1103.0,91.9,26.9,8,7,6.69,16.2,1.95,2018,WR,Josh Gordon,NE,12,71,57.7,4,55,10.4,18.0,0,0,0.0,0,0,0,8.1,97.7
301,301,48,15196,K. Stills,37,553,91.0,17.02,1089.0,72.6,29.4,4,7,6.48,15.9,2.16,2018,WR,Kenny Stills,MIA,15,64,57.8,6,75,8.6,14.9,0,0,0.0,0,1,0,6.5,97.42
302,302,49,17048,T. Williams,41,653,83.4,12.48,799.0,53.3,19.5,7,8,7.3,13.4,2.15,2018,WR,Tyrell Williams,LAC,16,65,63.1,5,75,10.0,15.9,2,15,7.5,0,2,0,6.0,96.8
303,303,52,18882,C. Kupp,40,566,83.8,9.39,526.0,65.8,13.2,12,5,7.68,20.8,2.41,2018,WR,Cooper Kupp,LAR,8,56,71.4,6,70,10.1,14.2,4,25,6.2,0,0,0,11.9,95.1
304,304,51,19800,C. Sutton,42,704,79.5,14.63,1229.0,76.8,29.3,8,11,6.7,14.9,1.62,2018,WR,Courtland Sutton,DEN,16,84,50.0,4,42,8.4,16.8,1,-1,-1.0,0,0,0,5.9,94.3
305,305,39,4556,J. Nelson,63,739,90.7,9.78,861.0,57.4,13.7,7,3,7.61,17.5,1.76,2018,WR,Jordy Nelson,LV,15,88,71.6,3,66,8.4,11.7,1,-2,-2.0,0,1,0,6.2,93.7
306,306,46,13460,D. Baldwin,50,618,86.9,12.73,929.0,71.5,18.6,13,12,7.12,22.4,1.94,2018,WR,Doug Baldwin,SEA,13,73,68.5,5,42,8.5,12.4,0,0,0.0,0,0,0,7.1,91.8
307,307,56,19917,A. Callaway,43,586,73.8,14.68,1189.0,74.3,27.7,8,12,6.64,14.4,1.61,2018,WR,Antonio Callaway,CLE,16,78,55.1,5,71,7.5,13.6,2,7,3.5,0,1,1,5.6,89.3
308,308,60,19864,A. Miller,33,423,59.4,12.11,654.0,43.6,19.8,11,8,7.18,11.3,2.23,2018,WR,Anthony Miller,CHI,15,54,61.1,7,55,7.8,12.8,6,26,4.3,0,1,0,5.8,87.22
309,309,43,14141,C. Beasley,65,672,69.8,7.59,653.0,40.8,10.0,10,5,7.44,16.6,1.75,2018,WR,Cole Beasley,DAL,16,86,75.6,3,32,7.8,10.3,0,0,0.0,0,0,0,5.3,85.2
310,310,41,16129,T. Gabriel,67,688,79.9,11.54,1073.5,67.1,16.0,8,5,7.26,18.5,1.63,2018,WR,Taylor Gabriel,CHI,16,93,72.0,2,54,7.4,10.3,9,61,6.8,0,1,1,5.3,84.9
311,311,54,16232,D. Moncrief,48,668,82.1,13.2,1188.0,74.2,24.8,7,8,6.69,17.1,1.48,2018,WR,Donte Moncrief,JAX,16,89,53.9,3,80,7.5,13.9,0,0,0.0,0,1,1,5.2,82.8
312,312,62,13870,M. Jones Jr.,35,508,92.9,14.52,900.0,100.0,25.7,11,13,6.73,18.7,1.87,2018,WR,Marvin Jones Jr.,DET,9,62,56.5,5,39,8.2,14.5,0,0,0.0,0,0,0,9.0,80.8
313,313,58,19815,C. Kirk,43,590,85.9,10.41,708.0,59.0,16.5,5,3,7.17,20.4,1.82,2018,WR,Christian Kirk,ARI,12,68,63.2,3,75,8.7,13.7,3,35,11.7,0,0,0,6.7,80.5
314,314,61,18089,R. Higgins,39,572,56.5,11.28,609.0,46.8,15.6,4,4,7.31,12.0,2.19,2018,WR,Rashard Higgins,CLE,13,54,72.2,4,40,10.6,14.7,0,0,0.0,0,2,1,6.1,79.2
315,315,55,9331,M. Crabtree,54,607,68.5,11.28,1128.0,70.5,20.9,11,5,7.2,18.6,1.33,2018,WR,Michael Crabtree,BAL,16,100,54.0,3,27,6.1,11.2,0,0,0.0,0,0,0,4.9,78.7
316,316,63,16003,S. Watkins,40,519,71.7,8.09,445.0,44.5,11.1,10,2,7.27,15.7,2.09,2018,WR,Sammy Watkins,KC,10,55,72.7,3,50,9.4,13.0,5,52,10.4,0,1,0,7.5,75.1
317,317,69,17916,W. Fuller V,32,503,80.5,15.13,681.0,97.3,21.3,5,3,7.11,20.2,2.36,2018,WR,William Fuller V,HOU,7,45,71.1,4,73,11.2,15.7,0,0,0.0,0,0,0,10.6,74.3
318,318,66,19976,M. Valdes-Scantling,38,581,67.0,12.33,888.0,55.5,23.4,8,4,6.53,11.7,1.54,2018,WR,Marquez Valdes-Scantling,GB,16,72,52.8,2,60,8.1,15.3,2,29,14.5,0,0,0,4.6,73.0
319,319,64,19318,K. Bourne,42,487,59.4,9.14,603.0,37.7,14.4,12,4,6.7,12.9,1.74,2018,WR,Kendrick Bourne,SF,16,66,63.6,4,33,7.4,11.6,0,0,0.0,0,1,0,4.5,72.7
320,320,53,16141,W. Snead IV,62,651,70.0,8.52,809.0,57.8,13.0,7,1,7.34,19.3,1.41,2018,WR,Willie Snead IV,BAL,16,95,65.3,1,28,6.9,10.5,1,13,13.0,0,0,0,4.5,72.4
321,321,70,14828,C. Hogan,35,532,73.4,12.02,637.0,42.5,18.2,7,3,6.79,10.0,2.0,2018,WR,Chris Hogan,NE,16,55,63.6,3,63,9.7,15.2,0,0,0.0,0,0,0,4.4,71.2
322,322,57,9906,D. Amendola,59,575,83.7,7.8,616.0,41.1,10.4,2,1,7.41,19.2,1.61,2018,WR,Danny Amendola,MIA,15,79,74.7,1,39,7.3,9.7,1,-2,-2.0,0,2,0,4.6,68.42
323,323,67,17939,J. Doctson,44,532,91.8,14.7,1161.0,77.4,26.4,9,6,6.23,17.4,1.38,2018,WR,Josh Doctson,WAS,15,79,55.7,2,32,6.7,12.1,0,0,0.0,0,0,0,4.3,65.2
324,324,71,19867,M. Gallup,33,507,71.0,14.72,1001.0,66.7,30.3,8,6,6.76,14.2,1.41,2018,WR,Michael Gallup,DAL,16,68,48.5,2,49,7.5,15.4,0,0,0.0,0,0,0,4.0,64.7
325,325,65,18361,C. Rogers,53,485,54.6,7.06,508.0,31.8,9.6,7,5,7.64,11.4,1.57,2018,WR,Chester Rogers,IND,16,72,73.6,2,34,6.7,9.2,1,-4,-4.0,0,1,0,4.0,64.1
326,326,68,16326,S. Roberts,45,494,61.4,9.2,598.0,39.9,13.3,3,3,7.15,13.2,1.64,2018,WR,Seth Roberts,LV,15,65,69.2,2,44,7.6,11.0,3,5,1.7,0,0,0,4.1,61.9
327,327,73,16837,C. Conley,32,334,76.7,9.42,490.0,30.6,15.3,10,6,6.97,9.2,1.76,2018,WR,Chris Conley,KC,16,52,61.5,5,27,6.4,10.4,0,0,0.0,0,2,2,3.7,59.4
328,328,72,14465,J. Wright,43,447,51.4,6.5,390.0,24.4,9.1,5,3,6.79,11.0,1.59,2018,WR,Jarius Wright,CAR,16,59,72.9,1,33,7.6,10.4,2,39,19.5,0,3,1,3.4,54.6
329,329,74,19514,K. Cole,38,491,77.1,10.41,729.0,52.1,19.2,7,4,6.39,14.9,1.27,2018,WR,Keelan Cole,JAX,16,70,54.3,1,35,7.0,12.9,0,0,0.0,0,2,2,3.2,51.1
330,330,75,18971,T. Taylor,37,466,55.2,13.61,762.0,58.6,20.6,6,6,7.19,16.0,1.56,2018,WR,Taywan Taylor,TEN,13,56,66.1,1,55,8.3,12.6,0,0,0.0,0,1,1,3.9,50.6
331,331,78,16790,P. Dorsett II,32,290,48.7,11.9,500.0,45.5,15.6,8,4,7.02,11.3,1.95,2018,WR,Phillip Dorsett II,NE,16,42,76.2,3,20,6.9,9.1,4,29,7.2,0,0,0,3.1,49.9
332,332,76,16063,Q. Enunwa,38,449,79.4,7.06,487.0,44.3,12.8,9,3,6.34,20.2,1.26,2018,WR,Quincy Enunwa,NYJ,11,69,55.1,1,42,6.5,11.8,1,0,0.0,0,2,1,4.4,48.9
333,333,77,13227,R. Cobb,38,383,82.4,8.0,488.0,54.2,12.8,4,3,6.93,17.6,1.41,2018,WR,Randall Cobb,GB,9,61,62.3,2,75,6.3,10.1,0,0,0.0,0,2,1,5.4,48.3
334,334,79,14749,J. Kearse,37,371,73.8,9.55,726.0,55.8,19.6,9,5,6.61,17.8,1.05,2018,WR,Jermaine Kearse,NYJ,14,76,48.7,1,29,4.9,10.0,0,0,0.0,0,0,0,3.1,43.1
335,335,80,16411,R. Grant,35,334,59.4,7.57,386.0,27.6,11.0,6,2,7.45,8.8,1.46,2018,WR,Ryan Grant,IND,14,51,68.6,1,23,6.5,9.5,0,0,0.0,0,0,0,2.8,39.4
336,336,81,17914,L. Treadwell,35,302,56.8,5.77,306.0,20.4,8.7,4,1,7.55,9.4,1.34,2018,WR,Laquon Treadwell,MIN,15,53,66.0,1,22,5.7,8.6,0,0,0.0,0,0,0,2.4,36.2
337,337,82,19008,R. Switzer,36,253,27.6,3.43,151.0,9.4,4.2,7,1,8.24,6.5,1.58,2018,WR,Ryan Switzer,PIT,16,44,81.8,1,24,5.8,7.0,6,21,3.5,0,2,0,2.1,33.4
338,338,83,16664,B. Ellington,31,224,61.8,5.17,217.0,31.0,7.0,4,0,8.21,18.3,1.42,2018,WR,Bruce Ellington,DET,7,42,73.8,1,23,5.3,7.2,1,2,2.0,0,1,0,4.1,28.6
